2015-07-12,15:45:53.327,201.60000610351565
2015-07-12,15:45:55.008,196.6999969482422
2015-07-12,15:45:55.946,194.3999938964844
2015-07-12,15:45:56.946,194.3999938964844
2015-07-12,15:45:57.966,193.0
2015-07-12,15:45:58.992,191.3000030517578
2015-07-12,15:45:59.998,192.1999969482422
2015-07-12,15:46:00.948,191.5
2015-07-12,15:46:01.995,190.3000030517578
2015-07-12,15:46:02.953,189.1999969482422
2015-07-12,15:46:04.000,188.8999938964844
2015-07-12,15:46:05.007,188.8999938964844
2015-07-12,15:46:05.956,188.60000610351565
2015-07-12,15:46:07.046,189.3000030517578
2015-07-12,15:46:07.947,188.3000030517578
2015-07-12,15:46:08.965,188.5
2015-07-12,15:46:10.332,189.3000030517578
2015-07-12,15:46:10.946,189.3000030517578
2015-07-12,15:46:12.823,189.3000030517578
2015-07-12,15:46:13.938,189.8000030517578
2015-07-12,15:46:14.946,189.3999938964844
2015-07-12,15:46:15.986,189.0
2015-07-12,15:46:16.949,188.1999969482422
2015-07-12,15:46:17.946,187.6999969482422
2015-07-12,15:46:18.965,187.0
2015-07-12,15:46:19.946,185.6999969482422
2015-07-12,15:46:21.051,185.3999938964844
2015-07-12,15:46:21.974,184.60000610351565
2015-07-12,15:46:22.968,184.3000030517578
2015-07-12,15:46:23.985,184.0
2015-07-12,15:46:24.954,183.8999938964844
2015-07-12,15:46:25.946,183.60000610351565
2015-07-12,15:46:26.987,183.6999969482422
2015-07-12,15:46:27.955,183.5
2015-07-12,15:46:28.938,183.0
2015-07-12,15:46:29.946,183.10000610351565
2015-07-12,15:46:30.946,183.3000030517578
2015-07-12,15:46:31.949,182.5
2015-07-12,15:46:32.969,183.10000610351565
2015-07-12,15:46:33.945,183.8000030517578
2015-07-12,15:46:34.946,184.0
2015-07-12,15:46:35.946,184.3000030517578
2015-07-12,15:46:36.952,183.8000030517578
2015-07-12,15:46:37.962,183.1999969482422
2015-07-12,15:46:38.945,182.6999969482422
2015-07-12,15:46:39.976,182.1999969482422
2015-07-12,15:46:40.961,181.6999969482422
2015-07-12,15:46:41.968,180.8000030517578
2015-07-12,15:46:42.946,181.3000030517578
2015-07-12,15:46:43.961,181.5
2015-07-12,15:46:44.947,181.5
2015-07-12,15:46:45.988,181.5
2015-07-12,15:46:46.960,181.8000030517578
2015-07-12,15:46:47.996,181.5
2015-07-12,15:46:48.991,181.8999938964844
2015-07-12,15:46:50.007,183.1999969482422
2015-07-12,15:46:51.057,183.5
2015-07-12,15:46:52.240,183.60000610351565
2015-07-12,15:46:53.067,183.5
2015-07-12,15:46:53.960,182.8000030517578
2015-07-12,15:46:54.968,182.8000030517578
2015-07-12,15:46:55.973,183.3999938964844
2015-07-12,15:46:56.975,182.5
2015-07-12,15:46:57.969,182.60000610351565
2015-07-12,15:46:59.039,182.8000030517578
2015-07-12,15:47:00.234,183.10000610351565
2015-07-12,15:47:00.978,183.60000610351565
2015-07-12,15:47:01.984,184.0
2015-07-12,15:47:02.983,183.5
2015-07-12,15:47:03.963,183.1999969482422
2015-07-12,15:47:04.992,183.1999969482422
2015-07-12,15:47:06.002,183.10000610351565
2015-07-12,15:47:07.108,182.8999938964844
2015-07-12,15:47:08.008,182.8000030517578
2015-07-12,15:47:09.058,182.8999938964844
2015-07-12,15:47:10.154,182.6999969482422
2015-07-12,15:47:11.152,182.10000610351565
2015-07-12,15:47:13.127,181.3000030517578
2015-07-12,15:47:15.130,181.3999938964844
2015-07-12,15:47:16.059,181.60000610351565
2015-07-12,15:47:16.993,181.10000610351565
2015-07-12,15:47:18.197,181.0
2015-07-12,15:47:19.977,181.10000610351565
2015-07-12,15:47:20.970,180.3999938964844
2015-07-12,15:47:21.953,179.89999389648438
2015-07-12,15:47:22.964,179.5
2015-07-12,15:47:23.975,179.60000610351565
2015-07-12,15:47:24.997,179.5
2015-07-12,15:47:25.978,179.3000030517578
2015-07-12,15:47:27.012,178.89999389648438
2015-07-12,15:47:27.973,178.60000610351565
2015-07-12,15:47:28.946,178.10000610351565
2015-07-12,15:47:29.973,177.89999389648438
2015-07-12,15:47:31.057,178.39999389648438
2015-07-12,15:47:31.973,178.3000030517578
2015-07-12,15:47:33.006,178.39999389648438
2015-07-12,15:47:33.997,177.5
2015-07-12,15:47:35.000,177.3000030517578
2015-07-12,15:47:35.979,177.3000030517578
2015-07-12,15:47:36.997,177.5
2015-07-12,15:47:37.992,177.3000030517578
2015-07-12,15:47:38.956,177.39999389648438
2015-07-12,15:47:39.975,177.0
2015-07-12,15:47:40.977,177.1999969482422
2015-07-12,15:47:41.953,176.8000030517578
2015-07-12,15:47:42.948,176.6999969482422
2015-07-12,15:47:44.046,177.0
2015-07-12,15:47:44.963,177.1999969482422
2015-07-12,15:47:45.938,177.1999969482422
2015-07-12,15:47:46.987,177.3000030517578
2015-07-12,15:47:47.943,177.5
2015-07-12,15:47:48.945,177.5
2015-07-12,15:47:49.937,177.8000030517578
2015-07-12,15:47:50.968,177.8000030517578
2015-07-12,15:47:51.937,177.89999389648438
2015-07-12,15:47:52.950,177.89999389648438
2015-07-12,15:47:53.974,178.0
2015-07-12,15:47:54.965,177.8000030517578
2015-07-12,15:47:55.937,177.8000030517578
2015-07-12,15:47:57.044,177.8000030517578
2015-07-12,15:47:57.937,177.89999389648438
2015-07-12,15:47:59.011,177.8000030517578
2015-07-12,15:47:59.948,177.89999389648438
2015-07-12,15:48:00.945,178.10000610351565
2015-07-12,15:48:01.972,178.0
2015-07-12,15:48:02.945,178.10000610351565
2015-07-12,15:48:03.953,178.0
2015-07-12,15:48:04.976,178.10000610351565
2015-07-12,15:48:05.954,178.10000610351565
2015-07-12,15:48:06.937,178.10000610351565
2015-07-12,15:48:07.981,178.10000610351565
2015-07-12,15:48:08.946,178.1999969482422
2015-07-12,15:48:09.975,178.10000610351565
2015-07-12,15:48:11.005,177.89999389648438
2015-07-12,15:48:11.954,179.39999389648438
2015-07-12,15:48:12.967,179.8000030517578
2015-07-12,15:48:13.972,181.5
2015-07-12,15:48:14.946,182.10000610351565
2015-07-12,15:48:15.980,182.0
2015-07-12,15:48:16.970,181.5
2015-07-12,15:48:17.966,181.6999969482422
2015-07-12,15:48:18.965,181.0
2015-07-12,15:48:19.998,180.8000030517578
2015-07-12,15:48:20.971,180.5
2015-07-12,15:48:21.953,180.1999969482422
2015-07-12,15:48:22.966,179.89999389648438
2015-07-12,15:48:23.960,178.6999969482422
2015-07-12,15:48:24.963,178.39999389648438
2015-07-12,15:48:25.979,178.10000610351565
2015-07-12,15:48:27.008,177.5
2015-07-12,15:48:27.943,177.1999969482422
2015-07-12,15:48:28.969,176.89999389648438
2015-07-12,15:48:29.993,176.6999969482422
2015-07-12,15:48:30.971,176.6999969482422
2015-07-12,15:48:31.966,176.39999389648438
2015-07-12,15:48:32.975,175.6999969482422
2015-07-12,15:48:33.967,175.60000610351565
2015-07-12,15:48:34.971,175.3000030517578
2015-07-12,15:48:35.955,175.10000610351565
2015-07-12,15:48:36.975,175.39999389648438
2015-07-12,15:48:37.965,175.1999969482422
2015-07-12,15:48:38.936,175.0
2015-07-12,15:48:39.987,175.3000030517578
2015-07-12,15:48:40.940,175.39999389648438
2015-07-12,15:48:41.963,175.10000610351565
2015-07-12,15:48:42.936,174.60000610351565
2015-07-12,15:48:43.961,174.60000610351565
2015-07-12,15:48:44.936,174.8000030517578
2015-07-12,15:48:45.991,174.3000030517578
2015-07-12,15:48:46.966,174.39999389648438
2015-07-12,15:48:47.963,174.5
2015-07-12,15:48:48.936,174.39999389648438
2015-07-12,15:48:49.959,174.3000030517578
2015-07-12,15:48:50.937,174.39999389648438
2015-07-12,15:48:51.981,174.3000030517578
2015-07-12,15:48:52.948,174.3000030517578
2015-07-12,15:48:53.950,174.60000610351565
2015-07-12,15:48:54.937,174.6999969482422
2015-07-12,15:48:55.936,174.60000610351565
2015-07-12,15:48:56.946,174.6999969482422
2015-07-12,15:48:57.937,174.6999969482422
2015-07-12,15:48:58.962,174.6999969482422
2015-07-12,15:48:59.944,174.3000030517578
2015-07-12,15:49:00.988,174.1999969482422
2015-07-12,15:49:01.957,173.6999969482422
2015-07-12,15:49:02.943,174.5
2015-07-12,15:49:03.936,174.5
2015-07-12,15:49:04.952,174.10000610351565
2015-07-12,15:49:05.938,174.10000610351565
2015-07-12,15:49:06.977,174.0
2015-07-12,15:49:07.936,174.10000610351565
2015-07-12,15:49:08.963,173.6999969482422
2015-07-12,15:49:09.944,173.5
2015-07-12,15:49:10.944,173.1999969482422
2015-07-12,15:49:11.945,173.39999389648438
2015-07-12,15:49:12.975,173.1999969482422
2015-07-12,15:49:13.938,173.5
2015-07-12,15:49:14.938,173.5
2015-07-12,15:49:15.945,173.3000030517578
2015-07-12,15:49:16.945,173.3000030517578
2015-07-12,15:49:17.937,173.39999389648438
2015-07-12,15:49:18.954,173.5
2015-07-12,15:49:19.937,173.39999389648438
2015-07-12,15:49:20.942,173.39999389648438
2015-07-12,15:49:21.968,173.3000030517578
2015-07-12,15:49:22.936,173.39999389648438
2015-07-12,15:49:23.936,173.5
2015-07-12,15:49:24.949,173.3000030517578
2015-07-12,15:49:25.936,173.60000610351565
2015-07-12,15:49:26.937,173.60000610351565
2015-07-12,15:49:27.936,173.89999389648438
2015-07-12,15:49:28.941,174.10000610351565
2015-07-12,15:49:29.936,174.1999969482422
2015-07-12,15:49:30.959,174.10000610351565
2015-07-12,15:49:31.937,173.89999389648438
2015-07-12,15:49:32.938,174.39999389648438
2015-07-12,15:49:33.973,174.10000610351565
2015-07-12,15:49:34.936,173.89999389648438
2015-07-12,15:49:35.963,175.1999969482422
2015-07-12,15:49:36.958,175.60000610351565
2015-07-12,15:49:37.950,174.3000030517578
2015-07-12,15:49:38.936,173.60000610351565
2015-07-12,15:49:39.985,173.5
2015-07-12,15:49:40.936,173.5
2015-07-12,15:49:41.948,173.3000030517578
2015-07-12,15:49:42.966,172.8000030517578
2015-07-12,15:49:43.958,172.10000610351565
2015-07-12,15:49:44.936,171.60000610351565
2015-07-12,15:49:45.943,171.6999969482422
2015-07-12,15:49:46.955,171.6999969482422
2015-07-12,15:49:47.946,171.39999389648438
2015-07-12,15:49:48.936,170.89999389648438
2015-07-12,15:49:49.970,170.0
2015-07-12,15:49:50.937,169.6999969482422
2015-07-12,15:49:51.937,169.60000610351565
2015-07-12,15:49:52.936,170.0
2015-07-12,15:49:53.964,169.89999389648438
2015-07-12,15:49:54.975,170.0
2015-07-12,15:49:55.986,170.5
2015-07-12,15:49:56.945,171.0
2015-07-12,15:49:57.939,171.1999969482422
2015-07-12,15:49:58.983,171.0
2015-07-12,15:49:59.952,171.10000610351565
2015-07-12,15:50:01.447,171.5
2015-07-12,15:50:01.940,171.60000610351565
2015-07-12,15:50:02.948,171.60000610351565
2015-07-12,15:50:03.943,171.6999969482422
2015-07-12,15:50:04.950,171.6999969482422
2015-07-12,15:50:05.943,171.89999389648438
2015-07-12,15:50:06.971,172.10000610351565
2015-07-12,15:50:07.936,172.1999969482422
2015-07-12,15:50:08.960,172.3000030517578
2015-07-12,15:50:09.958,172.5
2015-07-12,15:50:10.957,172.6999969482422
2015-07-12,15:50:11.936,172.8000030517578
2015-07-12,15:50:12.954,172.89999389648438
2015-07-12,15:50:13.958,172.89999389648438
2015-07-12,15:50:14.950,172.89999389648438
2015-07-12,15:50:15.946,172.89999389648438
2015-07-12,15:50:16.961,172.89999389648438
2015-07-12,15:50:17.976,172.89999389648438
2015-07-12,15:50:18.937,172.89999389648438
2015-07-12,15:50:19.945,172.89999389648438
2015-07-12,15:50:21.112,173.0
2015-07-12,15:50:21.936,173.0
2015-07-12,15:50:22.937,173.0
2015-07-12,15:50:23.980,173.10000610351565
2015-07-12,15:50:24.940,173.10000610351565
2015-07-12,15:50:25.960,173.10000610351565
2015-07-12,15:50:26.943,173.10000610351565
2015-07-12,15:50:27.961,173.1999969482422
2015-07-12,15:50:28.963,173.1999969482422
2015-07-12,15:50:29.936,173.1999969482422
2015-07-12,15:50:31.055,173.1999969482422
2015-07-12,15:50:31.944,173.39999389648438
2015-07-12,15:50:32.951,173.3000030517578
2015-07-12,15:50:33.936,173.6999969482422
2015-07-12,15:50:34.962,172.5
2015-07-12,15:50:35.936,172.1999969482422
2015-07-12,15:50:36.950,174.6999969482422
2015-07-12,15:50:37.938,175.10000610351565
2015-07-12,15:50:38.969,175.3000030517578
2015-07-12,15:50:39.936,175.8000030517578
2015-07-12,15:50:40.974,176.10000610351565
2015-07-12,15:50:41.936,176.10000610351565
2015-07-12,15:50:42.936,176.5
2015-07-12,15:50:43.945,176.6999969482422
2015-07-12,15:50:44.943,176.60000610351565
2015-07-12,15:50:45.936,177.10000610351565
2015-07-12,15:50:46.945,177.0
2015-07-12,15:50:47.945,176.60000610351565
2015-07-12,15:50:48.936,176.10000610351565
2015-07-12,15:50:49.991,177.0
2015-07-12,15:50:50.946,177.39999389648438
2015-07-12,15:50:51.953,179.0
2015-07-12,15:50:52.972,179.5
2015-07-12,15:50:53.948,178.6999969482422
2015-07-12,15:50:54.935,179.0
2015-07-12,15:50:55.985,179.39999389648438
2015-07-12,15:50:57.051,178.89999389648438
2015-07-12,15:50:57.953,177.89999389648438
2015-07-12,15:50:58.972,178.1999969482422
2015-07-12,15:50:59.979,177.39999389648438
2015-07-12,15:51:00.978,176.8000030517578
2015-07-12,15:51:01.978,176.5
2015-07-12,15:51:02.968,176.39999389648438
2015-07-12,15:51:03.962,175.1999969482422
2015-07-12,15:51:04.982,174.5
2015-07-12,15:51:05.951,175.3000030517578
2015-07-12,15:51:06.966,174.89999389648438
2015-07-12,15:51:07.961,175.1999969482422
2015-07-12,15:51:08.954,174.8000030517578
2015-07-12,15:51:09.947,174.0
2015-07-12,15:51:10.989,173.5
2015-07-12,15:51:11.965,173.5
2015-07-12,15:51:12.960,173.5
2015-07-12,15:51:13.951,173.5
2015-07-12,15:51:14.954,173.3000030517578
2015-07-12,15:51:15.935,173.3000030517578
2015-07-12,15:51:16.954,173.0
2015-07-12,15:51:17.966,173.10000610351565
2015-07-12,15:51:18.974,173.10000610351565
2015-07-12,15:51:19.935,173.0
2015-07-12,15:51:20.957,172.8000030517578
2015-07-12,15:51:21.937,172.6999969482422
2015-07-12,15:51:22.964,172.5
2015-07-12,15:51:23.961,172.8000030517578
2015-07-12,15:51:24.977,172.60000610351565
2015-07-12,15:51:25.963,172.6999969482422
2015-07-12,15:51:27.097,172.8000030517578
2015-07-12,15:51:28.178,172.6999969482422
2015-07-12,15:51:28.975,172.5
2015-07-12,15:51:29.946,172.6999969482422
2015-07-12,15:51:31.055,172.89999389648438
2015-07-12,15:51:31.982,172.89999389648438
2015-07-12,15:51:32.944,173.0
2015-07-12,15:51:34.022,173.1999969482422
2015-07-12,15:51:34.935,173.1999969482422
2015-07-12,15:51:35.935,173.3000030517578
2015-07-12,15:51:36.939,173.1999969482422
2015-07-12,15:51:38.000,173.39999389648438
2015-07-12,15:51:38.943,173.60000610351565
2015-07-12,15:51:39.958,173.60000610351565
2015-07-12,15:51:40.949,173.60000610351565
2015-07-12,15:51:41.969,173.6999969482422
2015-07-12,15:51:42.938,173.60000610351565
2015-07-12,15:51:43.989,173.60000610351565
2015-07-12,15:51:44.957,173.60000610351565
2015-07-12,15:51:45.957,173.60000610351565
2015-07-12,15:51:46.977,173.6999969482422
2015-07-12,15:51:47.965,173.6999969482422
2015-07-12,15:51:48.944,173.6999969482422
2015-07-12,15:51:49.988,173.6999969482422
2015-07-12,15:51:50.960,173.6999969482422
2015-07-12,15:51:51.961,173.6999969482422
2015-07-12,15:51:52.946,173.6999969482422
2015-07-12,15:51:53.948,173.6999969482422
2015-07-12,15:51:55.007,173.6999969482422
2015-07-12,15:51:55.956,173.8000030517578
2015-07-12,15:51:56.950,173.8000030517578
2015-07-12,15:51:57.935,173.6999969482422
2015-07-12,15:51:58.943,173.6999969482422
2015-07-12,15:51:59.937,173.6999969482422
2015-07-12,15:52:00.990,173.6999969482422
2015-07-12,15:52:01.951,173.6999969482422
2015-07-12,15:52:02.935,173.6999969482422
2015-07-12,15:52:03.938,173.8000030517578
2015-07-12,15:52:04.943,173.8000030517578
2015-07-12,15:52:06.015,173.8000030517578
2015-07-12,15:52:07.045,173.8000030517578
2015-07-12,15:52:07.959,173.89999389648438
2015-07-12,15:52:08.935,174.0
2015-07-12,15:52:09.935,174.10000610351565
2015-07-12,15:52:10.959,174.1999969482422
2015-07-12,15:52:11.959,174.3000030517578
2015-07-12,15:52:12.967,174.3000030517578
2015-07-12,15:52:14.015,175.0
2015-07-12,15:52:15.048,175.39999389648438
2015-07-12,15:52:15.968,174.89999389648438
2015-07-12,15:52:17.155,175.60000610351565
2015-07-12,15:52:17.950,175.39999389648438
2015-07-12,15:52:19.021,175.60000610351565
2015-07-12,15:52:19.977,174.89999389648438
2015-07-12,15:52:20.969,175.6999969482422
2015-07-12,15:52:22.024,175.8000030517578
2015-07-12,15:52:23.028,175.5
2015-07-12,15:52:23.998,176.10000610351565
2015-07-12,15:52:24.973,176.10000610351565
2015-07-12,15:52:25.938,176.1999969482422
2015-07-12,15:52:27.008,176.10000610351565
2015-07-12,15:52:27.985,176.10000610351565
2015-07-12,15:52:28.997,175.89999389648438
2015-07-12,15:52:30.037,175.6999969482422
2015-07-12,15:52:31.008,175.5
2015-07-12,15:52:31.949,175.5
2015-07-12,15:52:32.954,174.89999389648438
2015-07-12,15:52:33.947,174.6999969482422
2015-07-12,15:52:34.960,174.5
2015-07-12,15:52:36.015,174.39999389648438
2015-07-12,15:52:36.954,175.0
2015-07-12,15:52:37.935,175.0
2015-07-12,15:52:38.958,175.1999969482422
2015-07-12,15:52:39.961,174.6999969482422
2015-07-12,15:52:40.952,175.39999389648438
2015-07-12,15:52:42.015,175.60000610351565
2015-07-12,15:52:42.947,175.5
2015-07-12,15:52:43.967,175.6999969482422
2015-07-12,15:52:44.957,175.8000030517578
2015-07-12,15:52:45.949,175.6999969482422
2015-07-12,15:52:46.952,175.5
2015-07-12,15:52:47.945,175.39999389648438
2015-07-12,15:52:48.950,175.39999389648438
2015-07-12,15:52:49.940,175.39999389648438
2015-07-12,15:52:51.011,175.3000030517578
2015-07-12,15:52:51.948,175.39999389648438
2015-07-12,15:52:52.973,175.39999389648438
2015-07-12,15:52:53.963,175.1999969482422
2015-07-12,15:52:54.955,175.1999969482422
2015-07-12,15:52:55.981,175.10000610351565
2015-07-12,15:52:56.990,175.3000030517578
2015-07-12,15:52:57.947,175.10000610351565
2015-07-12,15:52:58.940,175.1999969482422
2015-07-12,15:52:59.994,175.3000030517578
2015-07-12,15:53:00.942,175.3000030517578
2015-07-12,15:53:01.948,175.1999969482422
2015-07-12,15:53:02.965,175.10000610351565
2015-07-12,15:53:03.952,174.8000030517578
2015-07-12,15:53:04.960,174.8000030517578
2015-07-12,15:53:05.957,174.6999969482422
2015-07-12,15:53:06.937,174.5
2015-07-12,15:53:07.954,174.3000030517578
2015-07-12,15:53:08.960,175.0
2015-07-12,15:53:09.986,174.89999389648438
2015-07-12,15:53:10.948,174.60000610351565
2015-07-12,15:53:11.956,174.5
2015-07-12,15:53:12.974,174.3000030517578
2015-07-12,15:53:13.946,174.39999389648438
2015-07-12,15:53:14.949,174.39999389648438
2015-07-12,15:53:15.985,174.60000610351565
2015-07-12,15:53:16.948,174.10000610351565
2015-07-12,15:53:17.958,174.0
2015-07-12,15:53:18.948,174.0
2015-07-12,15:53:19.934,174.1999969482422
2015-07-12,15:53:20.997,174.1999969482422
2015-07-12,15:53:21.936,174.1999969482422
2015-07-12,15:53:22.940,174.10000610351565
2015-07-12,15:53:23.959,174.1999969482422
2015-07-12,15:53:24.956,174.0
2015-07-12,15:53:25.940,174.10000610351565
2015-07-12,15:53:26.980,174.0
2015-07-12,15:53:27.947,174.0
2015-07-12,15:53:28.949,173.60000610351565
2015-07-12,15:53:29.992,173.8000030517578
2015-07-12,15:53:30.957,173.89999389648438
2015-07-12,15:53:31.993,173.8000030517578
2015-07-12,15:53:32.988,173.6999969482422
2015-07-12,15:53:33.963,173.8000030517578
2015-07-12,15:53:34.934,174.0
2015-07-12,15:53:35.985,174.39999389648438
2015-07-12,15:53:36.935,174.5
2015-07-12,15:53:37.935,174.60000610351565
2015-07-12,15:53:38.935,174.8000030517578
2015-07-12,15:53:39.960,174.60000610351565
2015-07-12,15:53:40.939,175.0
2015-07-12,15:53:42.138,175.1999969482422
2015-07-12,15:53:42.934,175.39999389648438
2015-07-12,15:53:44.006,175.3000030517578
2015-07-12,15:53:44.985,175.39999389648438
2015-07-12,15:53:45.957,175.39999389648438
2015-07-12,15:53:46.934,175.39999389648438
2015-07-12,15:53:47.956,175.1999969482422
2015-07-12,15:53:48.943,175.10000610351565
2015-07-12,15:53:49.983,175.10000610351565
2015-07-12,15:53:50.970,175.10000610351565
2015-07-12,15:53:51.958,175.3000030517578
2015-07-12,15:53:52.934,175.5
2015-07-12,15:53:53.975,175.6999969482422
2015-07-12,15:53:54.937,175.3000030517578
2015-07-12,15:53:55.999,175.6999969482422
2015-07-12,15:53:56.982,176.0
2015-07-12,15:53:57.938,176.3000030517578
2015-07-12,15:53:58.934,176.5
2015-07-12,15:53:59.977,176.3000030517578
2015-07-12,15:54:00.934,176.1999969482422
2015-07-12,15:54:01.939,176.39999389648438
2015-07-12,15:54:02.967,176.39999389648438
2015-07-12,15:54:03.934,176.39999389648438
2015-07-12,15:54:04.974,176.3000030517578
2015-07-12,15:54:05.972,176.1999969482422
2015-07-12,15:54:06.949,175.89999389648438
2015-07-12,15:54:07.934,175.8000030517578
2015-07-12,15:54:08.947,175.8000030517578
2015-07-12,15:54:09.934,175.60000610351565
2015-07-12,15:54:10.951,175.60000610351565
2015-07-12,15:54:11.952,175.60000610351565
2015-07-12,15:54:12.954,175.60000610351565
2015-07-12,15:54:13.934,176.1999969482422
2015-07-12,15:54:14.966,176.3000030517578
2015-07-12,15:54:15.947,176.1999969482422
2015-07-12,15:54:16.945,176.1999969482422
2015-07-12,15:54:17.959,176.3000030517578
2015-07-12,15:54:18.956,176.10000610351565
2015-07-12,15:54:19.934,176.1999969482422
2015-07-12,15:54:20.985,176.1999969482422
2015-07-12,15:54:21.939,175.6999969482422
2015-07-12,15:54:22.955,175.8000030517578
2015-07-12,15:54:23.967,175.1999969482422
2015-07-12,15:54:24.964,174.89999389648438
2015-07-12,15:54:25.934,174.8000030517578
2015-07-12,15:54:26.951,174.5
2015-07-12,15:54:27.933,174.39999389648438
2015-07-12,15:54:28.973,174.3000030517578
2015-07-12,15:54:29.934,174.10000610351565
2015-07-12,15:54:30.943,174.10000610351565
2015-07-12,15:54:31.934,174.1999969482422
2015-07-12,15:54:32.955,174.0
2015-07-12,15:54:33.962,174.0
2015-07-12,15:54:34.994,173.89999389648438
2015-07-12,15:54:35.955,174.0
2015-07-12,15:54:36.934,174.3000030517578
2015-07-12,15:54:38.007,174.3000030517578
2015-07-12,15:54:38.946,174.10000610351565
2015-07-12,15:54:39.971,174.5
2015-07-12,15:54:40.975,174.39999389648438
2015-07-12,15:54:41.969,174.3000030517578
2015-07-12,15:54:42.941,174.1999969482422
2015-07-12,15:54:43.941,174.3000030517578
2015-07-12,15:54:44.944,174.10000610351565
2015-07-12,15:54:45.976,173.89999389648438
2015-07-12,15:54:46.933,173.89999389648438
2015-07-12,15:54:47.955,174.0
2015-07-12,15:54:48.980,174.1999969482422
2015-07-12,15:54:49.957,174.10000610351565
2015-07-12,15:54:50.971,174.5
2015-07-12,15:54:51.990,174.8000030517578
2015-07-12,15:54:52.933,174.89999389648438
2015-07-12,15:54:53.961,174.89999389648438
2015-07-12,15:54:55.022,174.89999389648438
2015-07-12,15:54:55.963,175.0
2015-07-12,15:54:56.953,175.0
2015-07-12,15:54:57.980,175.10000610351565
2015-07-12,15:54:58.977,175.1999969482422
2015-07-12,15:54:59.939,175.10000610351565
2015-07-12,15:55:00.939,175.10000610351565
2015-07-12,15:55:01.967,175.10000610351565
2015-07-12,15:55:02.981,175.1999969482422
2015-07-12,15:55:03.962,175.39999389648438
2015-07-12,15:55:04.971,175.3000030517578
2015-07-12,15:55:05.938,175.3000030517578
2015-07-12,15:55:06.956,175.1999969482422
2015-07-12,15:55:07.944,175.1999969482422
2015-07-12,15:55:08.964,175.0
2015-07-12,15:55:09.934,175.0
2015-07-12,15:55:10.969,175.0
2015-07-12,15:55:11.978,175.3000030517578
2015-07-12,15:55:12.958,175.0
2015-07-12,15:55:13.956,175.0
2015-07-12,15:55:14.980,174.0
2015-07-12,15:55:15.976,173.60000610351565
2015-07-12,15:55:16.933,173.60000610351565
2015-07-12,15:55:17.961,173.5
2015-07-12,15:55:18.933,173.5
2015-07-12,15:55:19.933,173.39999389648438
2015-07-12,15:55:21.002,173.10000610351565
2015-07-12,15:55:21.956,173.39999389648438
2015-07-12,15:55:22.950,172.60000610351565
2015-07-12,15:55:23.956,172.5
2015-07-12,15:55:24.977,172.39999389648438
2015-07-12,15:55:25.959,172.3000030517578
2015-07-12,15:55:26.954,172.10000610351565
2015-07-12,15:55:27.933,171.60000610351565
2015-07-12,15:55:28.944,171.5
2015-07-12,15:55:29.933,171.5
2015-07-12,15:55:30.966,171.39999389648438
2015-07-12,15:55:31.937,171.8000030517578
2015-07-12,15:55:32.939,171.89999389648438
2015-07-12,15:55:33.933,172.0
2015-07-12,15:55:34.968,172.0
2015-07-12,15:55:35.933,171.89999389648438
2015-07-12,15:55:36.937,171.60000610351565
2015-07-12,15:55:37.934,171.3000030517578
2015-07-12,15:55:38.960,171.3000030517578
2015-07-12,15:55:39.936,171.1999969482422
2015-07-12,15:55:40.939,171.1999969482422
2015-07-12,15:55:41.933,171.1999969482422
2015-07-12,15:55:42.933,171.3000030517578
2015-07-12,15:55:43.933,171.5
2015-07-12,15:55:44.933,171.3000030517578
2015-07-12,15:55:45.933,170.6999969482422
2015-07-12,15:55:46.933,171.0
2015-07-12,15:55:47.933,171.3000030517578
2015-07-12,15:55:48.945,171.10000610351565
2015-07-12,15:55:49.956,171.10000610351565
2015-07-12,15:55:50.972,171.1999969482422
2015-07-12,15:55:51.963,171.8000030517578
2015-07-12,15:55:52.934,171.60000610351565
2015-07-12,15:55:53.964,171.6999969482422
2015-07-12,15:55:54.933,171.8000030517578
2015-07-12,15:55:55.958,171.89999389648438
2015-07-12,15:55:56.952,171.6999969482422
2015-07-12,15:55:57.960,172.0
2015-07-12,15:55:58.933,172.3000030517578
2015-07-12,15:55:59.945,172.1999969482422
2015-07-12,15:56:00.942,172.6999969482422
2015-07-12,15:56:01.948,172.89999389648438
2015-07-12,15:56:02.963,173.10000610351565
2015-07-12,15:56:03.975,173.1999969482422
2015-07-12,15:56:04.985,173.89999389648438
2015-07-12,15:56:05.962,174.10000610351565
2015-07-12,15:56:06.960,173.8000030517578
2015-07-12,15:56:08.012,173.8000030517578
2015-07-12,15:56:08.951,172.6999969482422
2015-07-12,15:56:09.938,172.1999969482422
2015-07-12,15:56:10.956,171.3000030517578
2015-07-12,15:56:11.972,171.10000610351565
2015-07-12,15:56:12.953,171.1999969482422
2015-07-12,15:56:52.935,161.5
2015-07-12,15:56:53.932,161.3000030517578
2015-07-12,15:56:54.965,162.6999969482422
2015-07-12,15:56:55.932,163.5
2015-07-12,15:56:56.966,165.10000610351565
2015-07-12,15:56:57.933,164.89999389648438
2015-07-12,15:56:59.003,165.0
2015-07-12,15:56:59.970,165.8000030517578
2015-07-12,15:57:00.944,165.5
2015-07-12,15:57:01.937,165.1999969482422
2015-07-12,15:57:02.945,165.0
2015-07-12,15:57:03.933,165.39999389648438
2015-07-12,15:57:04.960,165.10000610351565
2015-07-12,15:57:05.933,164.60000610351565
2015-07-12,15:57:06.988,164.89999389648438
2015-07-12,15:57:07.947,164.60000610351565
2015-07-12,15:57:08.959,164.60000610351565
2015-07-12,15:57:09.932,164.60000610351565
2015-07-12,15:57:10.932,166.0
2015-07-12,15:57:11.960,164.8000030517578
2015-07-12,15:57:12.937,163.5
2015-07-12,15:57:13.933,163.60000610351565
2015-07-12,15:57:14.933,163.1999969482422
2015-07-12,15:57:15.933,164.89999389648438
2015-07-12,15:57:16.984,165.5
2015-07-12,15:57:17.933,165.3000030517578
2015-07-12,15:57:18.932,165.3000030517578
2015-07-12,15:57:19.942,164.8000030517578
2015-07-12,15:57:20.932,164.8000030517578
2015-07-12,15:57:21.962,164.89999389648438
2015-07-12,15:57:22.956,164.60000610351565
2015-07-12,15:57:23.939,164.8000030517578
2015-07-12,15:57:24.932,164.89999389648438
2015-07-12,15:57:25.953,164.6999969482422
2015-07-12,15:57:26.941,164.60000610351565
2015-07-12,15:57:27.997,164.6999969482422
2015-07-12,15:57:28.934,164.39999389648438
2015-07-12,15:57:29.932,164.5
2015-07-12,15:57:30.932,164.39999389648438
2015-07-12,15:57:31.951,164.3000030517578
2015-07-12,15:57:32.932,164.3000030517578
2015-07-12,15:57:33.957,164.10000610351565
2015-07-12,15:57:34.941,164.0
2015-07-12,15:57:35.951,164.0
2015-07-12,15:57:36.932,163.89999389648438
2015-07-12,15:57:37.953,163.6999969482422
2015-07-12,15:57:38.933,163.60000610351565
2015-07-12,15:57:39.940,163.6999969482422
2015-07-12,15:57:40.951,163.6999969482422
2015-07-12,15:57:41.935,163.60000610351565
2015-07-12,15:57:42.932,163.8000030517578
2015-07-12,15:57:43.958,163.89999389648438
2015-07-12,15:57:44.932,164.10000610351565
2015-07-12,15:57:45.936,164.10000610351565
2015-07-12,15:57:46.941,164.10000610351565
2015-07-12,15:57:47.932,164.10000610351565
2015-07-12,15:57:48.932,164.10000610351565
2015-07-12,15:57:49.955,164.10000610351565
2015-07-12,15:57:50.952,164.1999969482422
2015-07-12,15:57:51.933,164.1999969482422
2015-07-12,15:57:52.957,164.10000610351565
2015-07-12,15:57:53.934,164.10000610351565
2015-07-12,15:57:54.961,163.89999389648438
2015-07-12,15:57:55.951,163.60000610351565
2015-07-12,15:57:56.955,163.6999969482422
2015-07-12,15:57:57.967,163.5
2015-07-12,15:57:58.967,163.39999389648438
2015-07-12,15:57:59.965,163.39999389648438
2015-07-12,15:58:00.957,163.39999389648438
2015-07-12,15:58:01.968,163.39999389648438
2015-07-12,15:58:02.940,163.39999389648438
2015-07-12,15:58:03.962,164.0
2015-07-12,15:58:04.968,164.0
2015-07-12,15:58:05.961,163.89999389648438
2015-07-12,15:58:06.964,163.8000030517578
2015-07-12,15:58:07.985,163.89999389648438
2015-07-12,15:58:19.932,164.0
2015-07-12,15:58:20.973,163.89999389648438
2015-07-12,15:58:21.945,163.89999389648438
2015-07-12,15:58:22.974,163.8000030517578
2015-07-12,15:58:23.932,163.8000030517578
2015-07-12,15:58:24.959,163.6999969482422
2015-07-12,15:58:25.931,163.8000030517578
2015-07-12,15:58:26.932,163.8000030517578
2015-07-12,15:58:27.955,163.60000610351565
2015-07-12,15:58:28.940,163.5
2015-07-12,15:58:29.931,163.5
2015-07-12,15:58:30.971,163.39999389648438
2015-07-12,15:58:31.932,161.8000030517578
2015-07-12,15:58:32.932,161.8000030517578
2015-07-12,15:58:33.932,161.8000030517578
2015-07-12,15:58:34.934,161.60000610351565
2015-07-12,15:58:35.933,161.39999389648438
2015-07-12,15:58:36.960,161.39999389648438
2015-07-12,15:58:37.958,161.1999969482422
2015-07-12,15:58:38.925,161.1999969482422
2015-07-12,15:58:39.961,161.1999969482422
2015-07-12,15:58:40.974,161.39999389648438
2015-07-12,15:58:41.966,161.39999389648438
2015-07-12,15:58:42.932,161.39999389648438
2015-07-12,15:58:43.983,161.39999389648438
2015-07-12,15:58:44.955,161.3000030517578
2015-07-12,15:58:45.942,161.0
2015-07-12,15:58:46.932,161.0
2015-07-12,15:58:47.941,161.0
2015-07-12,15:58:48.943,161.0
2015-07-12,15:58:49.932,161.60000610351565
2015-07-12,15:58:50.939,161.60000610351565
2015-07-12,15:58:51.963,161.6999969482422
2015-07-12,15:58:52.959,161.6999969482422
2015-07-12,15:58:53.974,161.60000610351565
2015-07-12,15:58:54.957,161.8000030517578
2015-07-12,15:58:55.935,162.60000610351565
2015-07-12,15:58:57.000,162.6999969482422
2015-07-12,15:58:57.935,162.6999969482422
2015-07-12,15:58:58.923,162.6999969482422
2015-07-12,15:58:59.969,162.6999969482422
2015-07-12,15:59:00.948,162.8000030517578
2015-07-12,15:59:01.970,162.89999389648438
2015-07-12,15:59:02.970,162.89999389648438
2015-07-12,15:59:03.954,162.8000030517578
2015-07-12,15:59:04.934,162.89999389648438
2015-07-12,15:59:05.955,162.89999389648438
2015-07-12,15:59:06.961,162.89999389648438
2015-07-12,15:59:07.938,162.60000610351565
2015-07-12,15:59:08.984,162.1999969482422
2015-07-12,15:59:09.931,162.3000030517578
2015-07-12,15:59:10.950,162.3000030517578
2015-07-12,15:59:11.927,162.3000030517578
2015-07-12,15:59:12.973,162.3000030517578
2015-07-12,15:59:13.931,162.3000030517578
2015-07-12,15:59:14.923,162.39999389648438
2015-07-12,15:59:15.931,162.39999389648438
2015-07-12,15:59:16.947,160.6999969482422
2015-07-12,15:59:17.947,160.8000030517578
2015-07-12,15:59:18.956,159.60000610351565
2015-07-12,15:59:19.956,160.0
2015-07-12,15:59:20.980,160.1999969482422
2015-07-12,15:59:21.956,160.10000610351565
2015-07-12,15:59:22.923,159.60000610351565
2015-07-12,15:59:23.932,159.60000610351565
2015-07-12,15:59:24.939,160.60000610351565
2015-07-12,15:59:25.948,161.6999969482422
2015-07-12,15:59:26.956,161.89999389648438
2015-07-12,15:59:27.979,162.0
2015-07-12,15:59:28.931,161.8000030517578
2015-07-12,15:59:29.931,161.39999389648438
2015-07-12,15:59:30.940,161.39999389648438
2015-07-12,15:59:32.011,161.39999389648438
2015-07-12,15:59:32.981,161.5
2015-07-12,15:59:33.932,161.5
2015-07-12,15:59:34.976,161.8000030517578
2015-07-12,15:59:35.931,161.89999389648438
2015-07-12,15:59:36.950,160.6999969482422
2015-07-12,15:59:37.978,160.60000610351565
2015-07-12,15:59:38.956,160.60000610351565
2015-07-12,15:59:39.933,160.6999969482422
2015-07-12,15:59:41.006,160.6999969482422
2015-07-12,15:59:41.940,160.6999969482422
2015-07-12,15:59:42.956,160.6999969482422
2015-07-12,15:59:43.962,160.6999969482422
2015-07-12,15:59:44.989,160.60000610351565
2015-07-12,15:59:45.957,160.5
2015-07-12,15:59:46.966,160.5
2015-07-12,15:59:47.970,160.1999969482422
2015-07-12,15:59:48.980,160.60000610351565
2015-07-12,15:59:49.944,160.6999969482422
2015-07-12,15:59:50.939,160.3000030517578
2015-07-12,15:59:51.946,159.1999969482422
2015-07-12,15:59:52.945,159.5
2015-07-12,15:59:53.954,159.1999969482422
2015-07-12,15:59:54.971,158.6999969482422
2015-07-12,15:59:55.959,158.8000030517578
2015-07-12,15:59:56.963,158.3000030517578
2015-07-12,15:59:57.975,158.6999969482422
2015-07-12,15:59:58.931,158.8000030517578
2015-07-12,15:59:59.930,158.3000030517578
2015-07-12,16:00:00.964,158.1999969482422
2015-07-12,16:00:01.957,158.60000610351565
2015-07-12,16:00:02.966,157.89999389648438
2015-07-12,16:00:03.940,158.3000030517578
2015-07-12,16:00:04.936,158.5
2015-07-12,16:00:05.935,158.6999969482422
2015-07-12,16:00:06.956,158.8000030517578
2015-07-12,16:00:07.935,158.0
2015-07-12,16:00:08.936,157.89999389648438
2015-07-12,16:00:09.957,157.8000030517578
2015-07-12,16:00:10.929,157.60000610351565
2015-07-12,16:00:11.966,157.5
2015-07-12,16:00:12.950,157.39999389648438
2015-07-12,16:00:13.939,157.39999389648438
2015-07-12,16:00:14.938,157.3000030517578
2015-07-12,16:00:15.936,157.1999969482422
2015-07-12,16:00:16.943,157.0
2015-07-12,16:00:17.947,157.0
2015-07-12,16:00:18.960,156.89999389648438
2015-07-12,16:00:19.944,156.89999389648438
2015-07-12,16:00:20.929,157.0
2015-07-12,16:00:21.940,156.89999389648438
2015-07-12,16:00:22.959,156.89999389648438
2015-07-12,16:00:23.941,156.89999389648438
2015-07-12,16:00:24.939,156.6999969482422
2015-07-12,16:00:25.962,156.8000030517578
2015-07-12,16:00:26.931,157.3000030517578
2015-07-12,16:00:27.938,157.5
2015-07-12,16:00:28.953,157.3000030517578
2015-07-12,16:00:29.955,157.0
2015-07-12,16:00:30.967,157.1999969482422
2015-07-12,16:00:31.960,157.10000610351565
2015-07-12,16:00:32.938,156.8000030517578
2015-07-12,16:00:33.932,157.0
2015-07-12,16:00:34.935,156.89999389648438
2015-07-12,16:00:35.947,157.1999969482422
2015-07-12,16:00:36.945,156.8000030517578
2015-07-12,16:00:37.951,156.8000030517578
2015-07-12,16:00:38.940,156.1999969482422
2015-07-12,16:00:39.928,156.1999969482422
2015-07-12,16:00:40.938,155.6999969482422
2015-07-12,16:00:41.964,155.10000610351565
2015-07-12,16:00:42.933,154.5
2015-07-12,16:00:43.957,154.60000610351565
2015-07-12,16:00:44.943,154.39999389648438
2015-07-12,16:00:45.959,154.39999389648438
2015-07-12,16:00:46.987,154.5
2015-07-12,16:00:47.942,154.39999389648438
2015-07-12,16:00:48.932,154.6999969482422
2015-07-12,16:00:49.974,155.10000610351565
2015-07-12,16:00:50.929,155.3000030517578
2015-07-12,16:00:51.942,155.8000030517578
2015-07-12,16:00:52.966,156.8000030517578
2015-07-12,16:00:53.925,157.8000030517578
2015-07-12,16:00:54.934,158.89999389648438
2015-07-12,16:00:55.943,158.5
2015-07-12,16:00:56.935,158.1999969482422
2015-07-12,16:00:57.937,158.89999389648438
2015-07-12,16:00:58.932,159.3000030517578
2015-07-12,16:00:59.978,159.39999389648438
2015-07-12,16:01:00.929,159.5
2015-07-12,16:01:01.939,159.60000610351565
2015-07-12,16:01:02.980,159.39999389648438
2015-07-12,16:01:03.989,159.5
2015-07-12,16:01:04.948,159.6999969482422
2015-07-12,16:01:05.923,159.8000030517578
2015-07-12,16:01:06.938,160.0
2015-07-12,16:01:07.922,160.3000030517578
2015-07-12,16:01:08.958,160.39999389648438
2015-07-12,16:01:09.953,159.89999389648438
2015-07-12,16:01:10.953,159.3000030517578
2015-07-12,16:01:11.922,159.1999969482422
2015-07-12,16:01:12.933,159.3000030517578
2015-07-12,16:01:13.924,158.6999969482422
2015-07-12,16:01:14.927,159.5
2015-07-12,16:01:15.953,159.6999969482422
2015-07-12,16:01:16.927,159.8000030517578
2015-07-12,16:01:17.976,160.1999969482422
2015-07-12,16:01:18.940,160.5
2015-07-12,16:01:19.930,161.0
2015-07-12,16:01:20.931,161.3000030517578
2015-07-12,16:01:21.930,161.5
2015-07-12,16:01:22.934,161.5
2015-07-12,16:01:23.949,161.5
2015-07-12,16:01:24.930,161.5
2015-07-12,16:01:25.922,162.10000610351565
2015-07-12,16:01:26.931,162.8000030517578
2015-07-12,16:01:27.965,163.3000030517578
2015-07-12,16:01:28.922,164.0
2015-07-12,16:01:29.996,164.8000030517578
2015-07-12,16:01:30.934,165.60000610351565
2015-07-12,16:01:31.922,166.0
2015-07-12,16:01:32.936,166.89999389648438
2015-07-12,16:01:34.012,166.39999389648438
2015-07-12,16:01:36.339,166.3000030517578
2015-07-12,16:01:36.922,166.5
2015-07-12,16:01:37.995,166.3000030517578
2015-07-12,16:01:38.933,166.1999969482422
2015-07-12,16:01:39.931,165.89999389648438
2015-07-12,16:01:40.939,166.0
2015-07-12,16:01:41.923,166.0
2015-07-12,16:01:42.925,166.10000610351565
2015-07-12,16:01:43.941,165.89999389648438
2015-07-12,16:01:44.954,166.5
2015-07-12,16:01:45.946,166.10000610351565
2015-07-12,16:01:46.968,165.8000030517578
2015-07-12,16:01:47.953,165.39999389648438
2015-07-12,16:01:48.941,166.60000610351565
2015-07-12,16:01:49.923,166.6999969482422
2015-07-12,16:01:50.933,166.3000030517578
2015-07-12,16:01:51.941,165.39999389648438
2015-07-12,16:01:52.949,165.10000610351565
2015-07-12,16:01:53.949,165.3000030517578
2015-07-12,16:01:54.961,166.10000610351565
2015-07-12,16:01:55.974,165.60000610351565
2015-07-12,16:01:57.544,165.60000610351565
2015-07-12,16:01:57.923,165.3000030517578
2015-07-12,16:01:58.922,165.6999969482422
2015-07-12,16:01:59.944,166.5
2015-07-12,16:02:00.946,166.89999389648438
2015-07-12,16:02:02.005,167.1999969482422
2015-07-12,16:02:02.970,167.0
2015-07-12,16:02:03.930,166.89999389648438
2015-07-12,16:02:04.958,166.89999389648438
2015-07-12,16:02:05.946,166.89999389648438
2015-07-12,16:02:06.934,166.89999389648438
2015-07-12,16:02:08.370,166.89999389648438
2015-07-12,16:02:08.962,166.89999389648438
2015-07-12,16:02:09.958,165.60000610351565
2015-07-12,16:02:10.982,165.60000610351565
2015-07-12,16:02:11.954,165.60000610351565
2015-07-12,16:02:12.922,165.60000610351565
2015-07-12,16:02:13.954,165.5
2015-07-12,16:02:42.965,165.6999969482422
2015-07-12,16:02:43.979,165.60000610351565
2015-07-12,16:02:44.948,165.5
2015-07-12,16:03:20.951,168.0
2015-07-12,16:03:21.951,168.0
2015-07-12,16:03:22.938,168.10000610351565
2015-07-12,16:03:23.966,167.89999389648438
2015-07-12,16:03:24.942,167.89999389648438
2015-07-12,16:03:25.923,167.89999389648438
2015-07-12,16:03:26.955,167.89999389648438
2015-07-12,16:03:27.921,168.0
2015-07-12,16:03:28.962,167.8000030517578
2015-07-12,16:03:29.938,167.6999969482422
2015-07-12,16:03:30.933,167.60000610351565
2015-07-12,16:03:31.921,167.60000610351565
2015-07-12,16:03:32.928,167.5
2015-07-12,16:03:33.921,167.39999389648438
2015-07-12,16:03:34.944,167.39999389648438
2015-07-12,16:04:12.954,162.1999969482422
2015-07-12,16:04:13.921,162.1999969482422
2015-07-12,16:04:14.921,162.0
2015-07-12,16:04:15.939,161.60000610351565
2015-07-12,16:04:16.921,161.5
2015-07-12,16:04:17.926,161.1999969482422
2015-07-12,16:04:18.921,161.0
2015-07-12,16:04:19.921,161.0
2015-07-12,16:04:20.921,160.8000030517578
2015-07-12,16:04:21.949,160.6999969482422
2015-07-12,16:04:22.921,160.60000610351565
2015-07-12,16:04:23.921,160.39999389648438
2015-07-12,16:04:24.921,160.3000030517578
2015-07-12,16:06:09.079,161.5
2015-07-12,16:06:10.080,161.0
2015-07-12,16:06:11.079,161.10000610351565
2015-07-12,16:06:12.086,161.39999389648438
2015-07-12,16:06:13.080,161.0
2015-07-12,16:06:14.095,162.10000610351565
2015-07-12,16:06:15.080,161.8000030517578
2015-07-12,16:06:16.109,165.0
2015-07-12,16:06:17.087,165.8000030517578
2015-07-12,16:06:18.079,163.8000030517578
2015-07-12,16:06:19.115,163.5
2015-07-12,16:06:20.112,163.89999389648438
2015-07-12,16:06:21.159,163.5
2015-07-12,16:06:22.127,163.10000610351565
2015-07-12,16:06:23.118,162.89999389648438
2015-07-12,16:06:24.087,163.10000610351565
2015-07-12,16:06:25.127,163.0
2015-07-12,16:06:26.085,162.8000030517578
2015-07-12,16:06:27.111,162.6999969482422
2015-07-12,16:06:28.114,162.8000030517578
2015-07-12,16:06:29.103,162.60000610351565
2015-07-12,16:06:30.103,162.60000610351565
2015-07-12,16:06:31.137,162.6999969482422
2015-07-12,16:06:32.119,162.60000610351565
2015-07-12,16:06:33.108,162.3000030517578
2015-07-12,16:06:34.091,162.1999969482422
2015-07-12,16:06:35.097,161.89999389648438
2015-07-12,16:06:36.103,162.1999969482422
2015-07-12,16:06:37.140,162.0
2015-07-12,16:06:38.128,163.1999969482422
2015-07-12,16:06:39.160,162.8000030517578
2015-07-12,16:06:40.139,162.60000610351565
2015-07-12,16:06:41.104,162.89999389648438
2015-07-12,16:06:42.113,163.0
2015-07-12,16:06:43.117,162.8000030517578
2015-07-12,16:06:44.108,163.39999389648438
2015-07-12,16:06:45.089,163.0
2015-07-12,16:06:46.117,163.60000610351565
2015-07-12,16:06:47.095,163.5
2015-07-12,16:06:48.123,163.5
2015-07-12,16:06:49.095,164.39999389648438
2015-07-12,16:06:50.112,164.89999389648438
2015-07-12,16:06:51.087,164.89999389648438
2015-07-12,16:06:52.115,164.89999389648438
2015-07-12,16:06:53.106,165.3000030517578
2015-07-12,16:06:54.104,166.3000030517578
2015-07-12,16:06:55.126,164.60000610351565
2015-07-12,16:06:56.157,164.60000610351565
2015-07-12,16:06:57.171,164.39999389648438
2015-07-12,16:06:58.197,167.3000030517578
2015-07-12,16:06:59.167,166.10000610351565
2015-07-12,16:07:00.108,165.1999969482422
2015-07-12,16:07:01.110,165.3000030517578
2015-07-12,16:07:02.140,165.0
2015-07-12,16:07:03.115,164.39999389648438
2015-07-12,16:07:04.079,164.0
2015-07-12,16:07:05.163,162.3000030517578
2015-07-12,16:07:06.079,162.60000610351565
2015-07-12,16:07:07.106,162.5
2015-07-12,16:07:08.088,161.1999969482422
2015-07-12,16:07:09.093,159.60000610351565
2015-07-12,16:07:10.121,159.8000030517578
2015-07-12,16:07:11.111,159.60000610351565
2015-07-12,16:07:12.103,160.3000030517578
2015-07-12,16:07:13.133,161.0
2015-07-12,16:07:14.123,159.8000030517578
2015-07-12,16:07:15.095,159.6999969482422
2015-07-12,16:07:16.108,159.6999969482422
2015-07-12,16:07:17.084,159.6999969482422
2015-07-12,16:07:18.087,160.3000030517578
2015-07-12,16:07:19.100,160.5
2015-07-12,16:07:20.102,160.8000030517578
2015-07-12,16:07:21.079,160.3000030517578
2015-07-12,16:07:22.088,160.5
2015-07-12,16:07:23.120,159.60000610351565
2015-07-12,16:07:24.100,159.60000610351565
2015-07-12,16:07:25.079,159.1999969482422
2015-07-12,16:07:26.110,158.1999969482422
2015-07-12,16:07:27.091,158.39999389648438
2015-07-12,16:07:28.084,159.10000610351565
2015-07-12,16:07:29.110,158.8000030517578
2015-07-12,16:07:30.113,159.5
2015-07-12,16:07:31.099,159.1999969482422
2015-07-12,16:07:32.123,159.10000610351565
2015-07-12,16:07:33.106,158.5
2015-07-12,16:07:34.087,159.39999389648438
2015-07-12,16:07:35.100,159.89999389648438
2015-07-12,16:07:36.090,160.10000610351565
2015-07-12,16:07:37.091,159.89999389648438
2015-07-12,16:07:38.126,159.6999969482422
2015-07-12,16:07:39.084,159.6999969482422
2015-07-12,16:07:40.106,159.6999969482422
2015-07-12,16:07:41.086,159.3000030517578
2015-07-12,16:07:42.105,159.6999969482422
2015-07-12,16:07:43.094,159.8000030517578
2015-07-12,16:07:44.118,159.60000610351565
2015-07-12,16:07:45.090,159.60000610351565
2015-07-12,16:07:46.099,159.5
2015-07-12,16:07:47.102,159.39999389648438
2015-07-12,16:07:48.091,159.6999969482422
2015-07-12,16:07:49.091,160.10000610351565
2015-07-12,16:07:50.095,159.89999389648438
2015-07-12,16:07:51.083,160.10000610351565
2015-07-12,16:07:52.112,160.1999969482422
2015-07-12,16:07:53.108,160.0
2015-07-12,16:07:54.101,159.3000030517578
2015-07-12,16:07:55.098,159.5
2015-07-12,16:07:56.113,159.6999969482422
2015-07-12,16:07:57.094,159.39999389648438
2015-07-12,16:07:58.101,159.3000030517578
2015-07-12,16:07:59.137,159.0
2015-07-12,16:08:00.120,158.89999389648438
2015-07-12,16:08:01.108,159.0
2015-07-12,16:08:02.082,159.39999389648438
2015-07-12,16:08:03.096,159.60000610351565
2015-07-12,16:08:04.108,159.5
2015-07-12,16:08:05.115,159.5
2015-07-12,16:08:06.097,159.8000030517578
2015-07-12,16:08:07.089,159.8000030517578
2015-07-12,16:08:08.105,159.89999389648438
2015-07-12,16:08:09.094,159.39999389648438
2015-07-12,16:08:10.093,159.10000610351565
2015-07-12,16:08:11.108,159.0
2015-07-12,16:08:12.085,159.10000610351565
2015-07-12,16:08:13.111,159.3000030517578
2015-07-12,16:08:14.097,159.5
2015-07-12,16:08:15.090,159.3000030517578
2015-07-12,16:08:16.110,159.39999389648438
2015-07-12,16:08:17.079,159.10000610351565
2015-07-12,16:08:18.084,157.89999389648438
2015-07-12,16:08:19.079,158.3000030517578
2015-07-12,16:08:20.079,158.1999969482422
2015-07-12,16:08:21.078,158.3000030517578
2015-07-12,16:08:22.079,158.3000030517578
2015-07-12,16:08:23.078,158.39999389648438
2015-07-12,16:08:24.079,158.6999969482422
2015-07-12,16:08:25.079,158.1999969482422
2015-07-12,16:08:26.084,157.6999969482422
2015-07-12,16:08:27.078,157.60000610351565
2015-07-12,16:08:28.079,157.5
2015-07-12,16:08:29.087,156.8000030517578
2015-07-12,16:08:30.094,156.89999389648438
2015-07-12,16:08:31.111,157.1999969482422
2015-07-12,16:08:32.166,157.39999389648438
2015-07-12,16:08:33.151,157.39999389648438
2015-07-12,16:08:34.130,158.10000610351565
2015-07-12,16:08:35.105,158.1999969482422
2015-07-12,16:08:36.094,158.1999969482422
2015-07-12,16:08:37.106,158.5
2015-07-12,16:08:38.096,158.0
2015-07-12,16:08:39.123,157.60000610351565
2015-07-12,16:08:40.166,158.10000610351565
2015-07-12,16:08:41.158,157.8000030517578
2015-07-12,16:08:42.127,157.8000030517578
2015-07-12,16:08:43.080,157.8000030517578
2015-07-12,16:08:44.120,158.0
2015-07-12,16:08:45.083,157.8000030517578
2015-07-12,16:08:46.078,158.5
2015-07-12,16:08:47.086,158.5
2015-07-12,16:08:48.092,158.89999389648438
2015-07-12,16:08:49.102,158.8000030517578
2015-07-12,16:08:50.089,159.1999969482422
2015-07-12,16:08:51.097,158.89999389648438
2015-07-12,16:08:52.091,158.8000030517578
2015-07-12,16:08:53.083,159.1999969482422
2015-07-12,16:08:54.091,159.10000610351565
2015-07-12,16:08:55.081,159.1999969482422
2015-07-12,16:08:56.086,159.1999969482422
2015-07-12,16:08:57.078,159.0
2015-07-12,16:08:58.092,159.10000610351565
2015-07-12,16:08:59.081,159.10000610351565
2015-07-12,16:09:00.089,158.89999389648438
2015-07-12,16:09:01.105,159.1999969482422
2015-07-12,16:09:02.089,158.89999389648438
2015-07-12,16:09:03.108,159.1999969482422
2015-07-12,16:09:04.081,159.10000610351565
2015-07-12,16:09:05.101,158.6999969482422
2015-07-12,16:09:06.078,158.89999389648438
2015-07-12,16:09:07.101,158.89999389648438
2015-07-12,16:09:08.081,158.89999389648438
2015-07-12,16:09:09.102,158.6999969482422
2015-07-12,16:09:10.089,159.5
2015-07-12,16:09:11.104,159.6999969482422
2015-07-12,16:09:12.089,159.5
2015-07-12,16:09:13.099,159.60000610351565
2015-07-12,16:09:14.239,159.8000030517578
2015-07-12,16:09:16.081,159.5
2015-07-12,16:09:17.111,159.1999969482422
2015-07-12,16:09:18.078,158.6999969482422
2015-07-12,16:09:19.079,158.60000610351565
2015-07-12,16:09:20.079,158.39999389648438
2015-07-12,16:09:21.080,158.39999389648438
2015-07-12,16:09:22.078,158.6999969482422
2015-07-12,16:09:23.136,158.39999389648438
2015-07-12,16:09:24.085,158.3000030517578
2015-07-12,16:09:25.079,157.8000030517578
2015-07-12,16:09:26.102,157.60000610351565
2015-07-12,16:09:27.147,157.10000610351565
2015-07-12,16:09:28.078,157.10000610351565
2015-07-12,16:09:29.152,156.6999969482422
2015-07-12,16:09:30.140,156.89999389648438
2015-07-12,16:09:31.134,157.0
2015-07-12,16:09:32.096,156.6999969482422
2015-07-12,16:09:33.098,156.8000030517578
2015-07-12,16:09:34.124,156.8000030517578
2015-07-12,16:09:35.092,156.8000030517578
2015-07-12,16:09:36.107,156.6999969482422
2015-07-12,16:09:37.132,156.89999389648438
2015-07-12,16:09:38.080,156.8000030517578
2015-07-12,16:09:39.104,156.6999969482422
2015-07-12,16:09:40.127,157.1999969482422
2015-07-12,16:09:41.093,158.0
2015-07-12,16:09:42.118,158.6999969482422
2015-07-12,16:09:43.084,158.8000030517578
2015-07-12,16:09:44.108,158.8000030517578
2015-07-12,16:09:45.082,158.39999389648438
2015-07-12,16:09:46.085,158.60000610351565
2015-07-12,16:09:47.125,158.5
2015-07-12,16:09:48.123,158.5
2015-07-12,16:09:49.090,158.39999389648438
2015-07-12,16:09:50.114,158.6999969482422
2015-07-12,16:09:51.154,158.6999969482422
2015-07-12,16:09:52.110,158.89999389648438
2015-07-12,16:09:53.113,159.0
2015-07-12,16:09:54.094,159.10000610351565
2015-07-12,16:09:55.114,158.8000030517578
2015-07-12,16:09:56.106,158.89999389648438
2015-07-12,16:09:57.104,159.0
2015-07-12,16:09:58.085,158.8000030517578
2015-07-12,16:09:59.086,158.60000610351565
2015-07-12,16:10:00.079,158.39999389648438
2015-07-12,16:10:01.115,158.3000030517578
2015-07-12,16:10:02.080,158.3000030517578
2015-07-12,16:10:03.114,158.5
2015-07-12,16:10:04.139,158.3000030517578
2015-07-12,16:10:05.106,158.3000030517578
2015-07-12,16:10:06.092,158.39999389648438
2015-07-12,16:10:07.142,158.3000030517578
2015-07-12,16:10:08.080,158.39999389648438
2015-07-12,16:10:09.123,158.10000610351565
2015-07-12,16:10:10.094,158.1999969482422
2015-07-12,16:10:11.102,158.1999969482422
2015-07-12,16:10:12.097,158.3000030517578
2015-07-12,16:10:13.131,158.3000030517578
2015-07-12,16:10:14.140,158.1999969482422
2015-07-12,16:10:15.077,158.10000610351565
2015-07-12,16:10:16.080,158.3000030517578
2015-07-12,16:10:17.078,158.3000030517578
2015-07-12,16:10:18.109,158.39999389648438
2015-07-12,16:10:19.078,158.5
2015-07-12,16:10:20.135,158.5
2015-07-12,16:10:21.092,158.60000610351565
2015-07-12,16:10:22.096,158.60000610351565
2015-07-12,16:10:23.078,158.8000030517578
2015-07-12,16:10:24.087,158.89999389648438
2015-07-12,16:10:25.078,158.6999969482422
2015-07-12,16:10:26.144,158.8000030517578
2015-07-12,16:10:27.097,158.8000030517578
2015-07-12,16:10:28.099,158.3000030517578
2015-07-12,16:10:29.112,158.3000030517578
2015-07-12,16:10:30.111,158.60000610351565
2015-07-12,16:10:31.088,158.60000610351565
2015-07-12,16:10:32.122,158.3000030517578
2015-07-12,16:10:33.116,158.1999969482422
2015-07-12,16:10:34.094,158.89999389648438
2015-07-12,16:10:35.114,159.10000610351565
2015-07-12,16:10:36.107,159.1999969482422
2015-07-12,16:10:37.091,158.8000030517578
2015-07-12,16:10:38.077,159.10000610351565
2015-07-12,16:10:39.087,159.0
2015-07-12,16:10:40.078,158.89999389648438
2015-07-12,16:10:41.084,158.89999389648438
2015-07-12,16:10:42.077,158.60000610351565
2015-07-12,16:10:43.081,159.0
2015-07-12,16:10:44.078,159.3000030517578
2015-07-12,16:10:45.078,159.10000610351565
2015-07-12,16:10:46.077,159.10000610351565
2015-07-12,16:10:47.078,158.8000030517578
2015-07-12,16:10:48.077,159.5
2015-07-12,16:10:49.128,159.60000610351565
2015-07-12,16:10:50.094,159.3000030517578
2015-07-12,16:10:51.077,159.39999389648438
2015-07-12,16:10:52.077,159.39999389648438
2015-07-12,16:10:53.096,159.3000030517578
2015-07-12,16:10:54.077,159.10000610351565
2015-07-12,16:10:55.105,159.10000610351565
2015-07-12,16:10:56.077,159.10000610351565
2015-07-12,16:10:57.077,159.10000610351565
2015-07-12,16:10:58.137,159.1999969482422
2015-07-12,16:10:59.082,159.10000610351565
2015-07-12,16:11:00.078,159.10000610351565
2015-07-12,16:11:01.077,159.0
2015-07-12,16:11:02.078,159.10000610351565
2015-07-12,16:11:03.099,159.10000610351565
2015-07-12,16:11:04.089,159.1999969482422
2015-07-12,16:11:05.088,159.1999969482422
2015-07-12,16:11:06.148,159.0
2015-07-12,16:11:07.112,158.8000030517578
2015-07-12,16:11:08.092,158.60000610351565
2015-07-12,16:11:09.083,158.89999389648438
2015-07-12,16:11:10.158,158.8000030517578
2015-07-12,16:11:12.077,159.0
2015-07-12,16:11:13.101,159.0
2015-07-12,16:11:14.133,159.0
2015-07-12,16:11:15.089,159.1999969482422
2015-07-12,16:11:16.087,159.1999969482422
2015-07-12,16:11:17.100,159.1999969482422
2015-07-12,16:11:18.085,159.1999969482422
2015-07-12,16:11:19.112,159.3000030517578
2015-07-12,16:11:20.535,159.3000030517578
2015-07-12,16:11:21.077,159.3000030517578
2015-07-12,16:11:22.106,159.3000030517578
2015-07-12,16:11:23.077,159.39999389648438
2015-07-12,16:11:24.092,159.5
2015-07-12,16:11:25.098,159.5
2015-07-12,16:11:26.077,159.5
2015-07-12,16:11:27.077,159.5
2015-07-12,16:11:28.085,159.5
2015-07-12,16:11:29.112,159.60000610351565
2015-07-12,16:11:30.083,159.60000610351565
2015-07-12,16:11:31.077,159.6999969482422
2015-07-12,16:11:32.117,159.60000610351565
2015-07-12,16:11:33.093,159.6999969482422
2015-07-12,16:11:34.115,159.6999969482422
2015-07-12,16:11:35.083,159.60000610351565
2015-07-12,16:11:36.077,159.6999969482422
2015-07-12,16:11:37.077,159.8000030517578
2015-07-12,16:11:38.079,160.10000610351565
2015-07-12,16:11:39.077,160.8000030517578
2015-07-12,16:11:40.117,162.0
2015-07-12,16:11:41.104,162.3000030517578
2015-07-12,16:11:42.092,162.8000030517578
2015-07-12,16:11:43.131,163.10000610351565
2015-07-12,16:11:44.097,162.6999969482422
2015-07-12,16:11:45.080,162.5
2015-07-12,16:11:46.078,162.8000030517578
2015-07-12,16:11:47.095,162.1999969482422
2015-07-12,16:11:48.085,162.1999969482422
2015-07-12,16:11:49.139,162.1999969482422
2015-07-12,16:11:50.101,162.0
2015-07-12,16:11:51.090,161.89999389648438
2015-07-12,16:11:52.077,161.60000610351565
2015-07-12,16:11:53.085,161.5
2015-07-12,16:11:54.077,161.39999389648438
2015-07-12,16:11:55.194,161.39999389648438
2015-07-12,16:11:56.094,161.39999389648438
2015-07-12,16:11:57.094,161.3000030517578
2015-07-12,16:11:58.077,161.3000030517578
2015-07-12,16:11:59.093,161.3000030517578
2015-07-12,16:12:00.124,161.3000030517578
2015-07-12,16:12:01.120,161.39999389648438
2015-07-12,16:12:02.156,161.39999389648438
2015-07-12,16:12:03.077,161.39999389648438
2015-07-12,16:12:04.077,161.60000610351565
2015-07-12,16:12:05.084,161.60000610351565
2015-07-12,16:12:06.097,161.5
2015-07-12,16:12:07.082,161.5
2015-07-12,16:12:08.077,161.5
2015-07-12,16:12:09.084,161.5
2015-07-12,16:12:10.077,161.5
2015-07-12,16:12:11.093,161.5
2015-07-12,16:12:12.077,161.5
2015-07-12,16:12:13.096,161.5
2015-07-12,16:12:14.077,161.6999969482422
2015-07-12,16:12:15.117,161.8000030517578
2015-07-12,16:12:16.076,161.8000030517578
2015-07-12,16:12:17.093,162.0
2015-07-12,16:12:18.076,162.0
2015-07-12,16:12:19.077,163.5
2015-07-12,16:12:20.106,163.39999389648438
2015-07-12,16:12:21.077,163.6999969482422
2015-07-12,16:12:22.111,163.60000610351565
2015-07-12,16:12:23.081,164.0
2015-07-12,16:12:24.104,163.89999389648438
2015-07-12,16:12:25.084,163.8000030517578
2015-07-12,16:12:26.110,163.8000030517578
2015-07-12,16:12:27.076,163.8000030517578
2015-07-12,16:12:28.098,163.89999389648438
2015-07-12,16:12:29.077,164.0
2015-07-12,16:12:30.088,164.0
2015-07-12,16:12:31.089,163.89999389648438
2015-07-12,16:12:32.115,163.89999389648438
2015-07-12,16:12:33.081,164.0
2015-07-12,16:12:34.092,164.3000030517578
2015-07-12,16:12:35.085,164.60000610351565
2015-07-12,16:12:36.107,164.6999969482422
2015-07-12,16:12:37.076,164.89999389648438
2015-07-12,16:12:38.078,165.89999389648438
2015-07-12,16:12:39.086,166.1999969482422
2015-07-12,16:12:40.138,166.8000030517578
2015-07-12,16:12:41.102,167.0
2015-07-12,16:12:42.083,166.1999969482422
2015-07-12,16:12:43.091,166.0
2015-07-12,16:12:44.078,165.89999389648438
2015-07-12,16:12:45.110,166.5
2015-07-12,16:12:46.099,166.39999389648438
2015-07-12,16:12:47.155,166.60000610351565
2015-07-12,16:12:48.081,167.10000610351565
2015-07-12,16:12:49.076,167.3000030517578
2015-07-12,16:12:50.076,167.10000610351565
2015-07-12,16:12:51.076,167.3000030517578
2015-07-12,16:12:52.076,168.39999389648438
2015-07-12,16:12:53.076,167.89999389648438
2015-07-12,16:12:54.076,168.3000030517578
2015-07-12,16:12:55.076,169.1999969482422
2015-07-12,16:12:56.076,170.3000030517578
2015-07-12,16:12:57.076,170.60000610351565
2015-07-12,16:12:58.076,171.0
2015-07-12,16:12:59.076,170.39999389648438
2015-07-12,16:13:00.079,170.1999969482422
2015-07-12,16:13:01.076,170.10000610351565
2015-07-12,16:13:02.129,169.60000610351565
2015-07-12,16:13:03.076,169.5
2015-07-12,16:13:04.208,170.39999389648438
2015-07-12,16:13:06.076,171.10000610351565
2015-07-12,16:13:07.076,171.39999389648438
2015-07-12,16:13:08.084,172.10000610351565
2015-07-12,16:13:09.107,172.8000030517578
2015-07-12,16:13:10.089,173.0
2015-07-12,16:13:11.076,172.89999389648438
2015-07-12,16:13:12.150,172.89999389648438
2015-07-12,16:13:13.085,172.3000030517578
2015-07-12,16:13:14.109,172.8000030517578
2015-07-12,16:13:15.113,173.10000610351565
2015-07-12,16:13:16.113,173.5
2015-07-12,16:13:17.102,173.5
2015-07-12,16:13:18.182,173.5
2015-07-12,16:13:19.142,174.0
2015-07-12,16:13:20.196,174.10000610351565
2015-07-12,16:13:21.098,174.10000610351565
2015-07-12,16:13:22.143,173.89999389648438
2015-07-12,16:13:22.960,173.8000030517578
2015-07-12,16:13:23.992,173.3000030517578
2015-07-12,16:13:24.998,173.3000030517578
2015-07-12,16:13:25.998,173.1999969482422
2015-07-12,16:13:26.986,173.10000610351565
2015-07-12,16:13:28.017,173.1999969482422
2015-07-12,16:13:29.025,173.0
2015-07-12,16:13:29.989,173.10000610351565
2015-07-12,16:13:30.972,173.60000610351565
2015-07-12,16:13:31.959,173.89999389648438
2015-07-12,16:13:32.996,174.0
2015-07-12,16:13:33.993,175.0
2015-07-12,16:13:34.983,174.6999969482422
2015-07-12,16:13:36.014,174.6999969482422
2015-07-12,16:13:37.056,173.89999389648438
2015-07-12,16:13:38.028,173.60000610351565
2015-07-12,16:13:39.145,173.5
2015-07-12,16:13:40.080,172.8000030517578
2015-07-12,16:13:40.975,172.3000030517578
2015-07-12,16:13:42.050,173.1999969482422
2015-07-12,16:13:43.063,172.3000030517578
2015-07-12,16:13:44.078,171.6999969482422
2015-07-12,16:13:45.016,172.39999389648438
2015-07-12,16:13:45.990,171.89999389648438
2015-07-12,16:13:47.040,171.89999389648438
2015-07-12,16:13:48.002,171.60000610351565
2015-07-12,16:13:49.006,171.8000030517578
2015-07-12,16:13:49.970,170.6999969482422
2015-07-12,16:13:50.975,170.0
2015-07-12,16:13:51.987,170.5
2015-07-12,16:13:53.016,170.6999969482422
2015-07-12,16:13:53.982,171.5
2015-07-12,16:13:54.990,171.3000030517578
2015-07-12,16:13:55.983,171.0
2015-07-12,16:13:56.958,170.8000030517578
2015-07-12,16:13:57.965,170.60000610351565
2015-07-12,16:13:59.011,170.5
2015-07-12,16:13:59.993,170.6999969482422
2015-07-12,16:14:00.988,170.60000610351565
2015-07-12,16:14:01.974,170.6999969482422
2015-07-12,16:14:03.022,170.60000610351565
2015-07-12,16:14:03.982,170.6999969482422
2015-07-12,16:14:05.010,170.6999969482422
2015-07-12,16:14:05.965,170.8000030517578
2015-07-12,16:14:06.982,170.8000030517578
2015-07-12,16:14:07.983,171.1999969482422
2015-07-12,16:14:09.019,171.5
2015-07-12,16:14:09.960,171.3000030517578
2015-07-12,16:14:10.994,171.8000030517578
2015-07-12,16:14:11.978,172.5
2015-07-12,16:14:12.995,173.3000030517578
2015-07-12,16:14:13.958,173.39999389648438
2015-07-12,16:14:14.985,172.0
2015-07-12,16:14:15.992,171.1999969482422
2015-07-12,16:14:16.989,171.60000610351565
2015-07-12,16:14:17.983,170.5
2015-07-12,16:14:18.974,170.60000610351565
2015-07-12,16:14:19.992,170.6999969482422
2015-07-12,16:14:20.980,170.6999969482422
2015-07-12,16:14:21.990,170.6999969482422
2015-07-12,16:14:22.999,170.60000610351565
2015-07-12,16:14:23.961,170.10000610351565
2015-07-12,16:14:24.995,169.6999969482422
2015-07-12,16:14:25.994,169.8000030517578
2015-07-12,16:14:26.996,169.60000610351565
2015-07-12,16:14:27.987,169.3000030517578
2015-07-12,16:14:29.001,168.5
2015-07-12,16:14:29.992,168.60000610351565
2015-07-12,16:14:30.964,168.6999969482422
2015-07-12,16:14:31.966,169.1999969482422
2015-07-12,16:14:32.968,169.5
2015-07-12,16:14:34.001,169.0
2015-07-12,16:14:34.981,169.0
2015-07-12,16:14:35.989,169.1999969482422
2015-07-12,16:14:36.962,169.1999969482422
2015-07-12,16:14:37.991,169.10000610351565
2015-07-12,16:14:39.006,169.5
2015-07-12,16:14:39.976,170.39999389648438
2015-07-12,16:14:40.977,170.6999969482422
2015-07-12,16:14:41.989,170.3000030517578
2015-07-12,16:14:43.003,170.3000030517578
2015-07-12,16:14:43.982,170.0
2015-07-12,16:14:44.999,169.6999969482422
2015-07-12,16:14:45.968,169.6999969482422
2015-07-12,16:14:46.959,170.3000030517578
2015-07-12,16:14:47.950,169.6999969482422
2015-07-12,16:14:48.959,169.1999969482422
2015-07-12,16:14:49.960,169.39999389648438
2015-07-12,16:14:50.958,168.60000610351565
2015-07-12,16:14:51.963,169.3000030517578
2015-07-12,16:14:52.993,167.60000610351565
2015-07-12,16:14:53.965,168.1999969482422
2015-07-12,16:14:54.973,171.0
2015-07-12,16:14:55.972,173.3000030517578
2015-07-12,16:14:56.984,173.89999389648438
2015-07-12,16:14:57.971,173.89999389648438
2015-07-12,16:14:59.011,174.3000030517578
2015-07-12,16:14:59.979,173.5
2015-07-12,16:15:00.977,173.1999969482422
2015-07-12,16:15:01.965,174.1999969482422
2015-07-12,16:15:02.959,173.8000030517578
2015-07-12,16:15:03.975,173.60000610351565
2015-07-12,16:15:04.958,173.6999969482422
2015-07-12,16:15:05.965,174.1999969482422
2015-07-12,16:15:06.978,173.3000030517578
2015-07-12,16:15:07.985,172.89999389648438
2015-07-12,16:15:08.971,172.89999389648438
2015-07-12,16:15:09.968,172.89999389648438
2015-07-12,16:15:10.986,173.8000030517578
2015-07-12,16:15:11.992,174.0
2015-07-12,16:15:12.981,173.89999389648438
2015-07-12,16:15:13.984,174.0
2015-07-12,16:15:14.976,173.6999969482422
2015-07-12,16:15:16.006,174.10000610351565
2015-07-12,16:15:16.976,174.1999969482422
2015-07-12,16:15:17.975,174.10000610351565
2015-07-12,16:15:18.976,173.89999389648438
2015-07-12,16:15:19.969,173.6999969482422
2015-07-12,16:15:20.971,173.60000610351565
2015-07-12,16:15:22.003,173.8000030517578
2015-07-12,16:15:22.966,173.10000610351565
2015-07-12,16:15:23.976,173.0
2015-07-12,16:15:24.976,173.10000610351565
2015-07-12,16:15:25.995,173.10000610351565
2015-07-12,16:15:26.966,173.10000610351565
2015-07-12,16:15:27.967,173.10000610351565
2015-07-12,16:15:28.972,173.10000610351565
2015-07-12,16:15:29.978,173.10000610351565
2015-07-12,16:15:30.950,173.10000610351565
2015-07-12,16:15:31.973,173.10000610351565
2015-07-12,16:15:33.003,173.0
2015-07-12,16:15:34.010,173.0
2015-07-12,16:15:34.967,173.10000610351565
2015-07-12,16:15:35.984,173.10000610351565
2015-07-12,16:15:37.012,173.10000610351565
2015-07-12,16:15:37.970,173.10000610351565
2015-07-12,16:15:38.961,173.10000610351565
2015-07-12,16:15:40.007,173.10000610351565
2015-07-12,16:15:40.968,173.0
2015-07-12,16:15:41.979,173.0
2015-07-12,16:15:42.999,173.0
2015-07-12,16:15:43.960,173.0
2015-07-12,16:15:44.986,172.6999969482422
2015-07-12,16:15:46.001,172.60000610351565
2015-07-12,16:15:46.968,172.6999969482422
2015-07-12,16:15:47.973,172.60000610351565
2015-07-12,16:15:49.028,171.6999969482422
2015-07-12,16:15:49.957,171.5
2015-07-12,16:15:50.986,171.39999389648438
2015-07-12,16:15:51.956,171.3000030517578
2015-07-12,16:15:52.992,171.1999969482422
2015-07-12,16:15:53.996,171.3000030517578
2015-07-12,16:15:54.968,171.3000030517578
2015-07-12,16:15:55.950,171.39999389648438
2015-07-12,16:15:56.950,171.5
2015-07-12,16:15:57.950,171.6999969482422
2015-07-12,16:15:58.949,171.6999969482422
2015-07-12,16:15:59.958,171.5
2015-07-12,16:16:00.986,171.89999389648438
2015-07-12,16:16:01.950,171.60000610351565
