2015-07-12,15:45:53.327,9.15141177
2015-07-12,15:45:55.008,9.15166884
2015-07-12,15:45:55.946,9.15180973
2015-07-12,15:45:56.946,9.15197022
2015-07-12,15:45:57.966,9.15210639
2015-07-12,15:45:58.992,9.15225879
2015-07-12,15:45:59.998,9.1524011
2015-07-12,15:46:00.948,9.15253766
2015-07-12,15:46:01.995,9.15267289
2015-07-12,15:46:02.953,9.15280913
2015-07-12,15:46:04.000,9.15295817
2015-07-12,15:46:05.007,9.15313588
2015-07-12,15:46:05.956,9.1532812
2015-07-12,15:46:07.046,9.15343803
2015-07-12,15:46:07.947,9.1535808
2015-07-12,15:46:08.965,9.15373949
2015-07-12,15:46:10.332,9.15389365
2015-07-12,15:46:10.946,9.15404755
2015-07-12,15:46:12.823,9.15425482
2015-07-12,15:46:13.938,9.15445565
2015-07-12,15:46:14.946,9.15459814
2015-07-12,15:46:15.986,9.15473421
2015-07-12,15:46:16.949,9.15488803
2015-07-12,15:46:17.946,9.15505764
2015-07-12,15:46:18.965,9.15520746
2015-07-12,15:46:19.946,9.1553513
2015-07-12,15:46:21.051,9.15550061
2015-07-12,15:46:21.974,9.15564304
2015-07-12,15:46:22.968,9.15578292
2015-07-12,15:46:23.985,9.15592696
2015-07-12,15:46:24.954,9.15606812
2015-07-12,15:46:25.946,9.15621712
2015-07-12,15:46:26.987,9.15636909
2015-07-12,15:46:27.955,9.15652353
2015-07-12,15:46:28.938,9.15668593
2015-07-12,15:46:29.946,9.15684149
2015-07-12,15:46:30.946,9.15699941
2015-07-12,15:46:31.949,9.15715771
2015-07-12,15:46:32.969,9.15732399
2015-07-12,15:46:33.945,9.15747871
2015-07-12,15:46:34.946,9.15764249
2015-07-12,15:46:35.946,9.15779991
2015-07-12,15:46:36.952,9.15796
2015-07-12,15:46:37.962,9.15811499
2015-07-12,15:46:38.945,9.15828206
2015-07-12,15:46:39.976,9.15844969
2015-07-12,15:46:40.961,9.15862485
2015-07-12,15:46:41.968,9.15878971
2015-07-12,15:46:42.946,9.1589682
2015-07-12,15:46:43.961,9.15912514
2015-07-12,15:46:44.947,9.15929122
2015-07-12,15:46:45.988,9.15945927
2015-07-12,15:46:46.960,9.15962974
2015-07-12,15:46:47.996,9.15979632
2015-07-12,15:46:48.991,9.15996558
2015-07-12,15:46:50.007,9.16013648
2015-07-12,15:46:51.057,9.16030318
2015-07-12,15:46:52.240,9.16046773
2015-07-12,15:46:53.067,9.16063697
2015-07-12,15:46:53.960,9.16079642
2015-07-12,15:46:54.968,9.16095696
2015-07-12,15:46:55.973,9.16111906
2015-07-12,15:46:56.975,9.16128147
2015-07-12,15:46:57.969,9.16144905
2015-07-12,15:46:59.039,9.16161322
2015-07-12,15:47:00.234,9.16177601
2015-07-12,15:47:00.978,9.1619393
2015-07-12,15:47:01.984,9.16209303
2015-07-12,15:47:02.983,9.16224601
2015-07-12,15:47:03.963,9.16239724
2015-07-12,15:47:04.992,9.162551
2015-07-12,15:47:06.002,9.16270204
2015-07-12,15:47:07.108,9.16284284
2015-07-12,15:47:08.008,9.16299008
2015-07-12,15:47:09.058,9.16314491
2015-07-12,15:47:10.154,9.16329793
2015-07-12,15:47:11.152,9.16346577
2015-07-12,15:47:13.127,9.16378289
2015-07-12,15:47:15.130,9.1641126
2015-07-12,15:47:16.059,9.16428355
2015-07-12,15:47:16.993,9.16445808
2015-07-12,15:47:18.197,9.16462409
2015-07-12,15:47:19.977,9.16497519
2015-07-12,15:47:20.970,9.16514796
2015-07-12,15:47:21.953,9.16531086
2015-07-12,15:47:22.964,9.16547176
2015-07-12,15:47:23.975,9.16563718
2015-07-12,15:47:24.997,9.16579272
2015-07-12,15:47:25.978,9.16594392
2015-07-12,15:47:27.012,9.16610166
2015-07-12,15:47:27.973,9.16625583
2015-07-12,15:47:28.946,9.16642608
2015-07-12,15:47:29.973,9.16658204
2015-07-12,15:47:31.057,9.16673796
2015-07-12,15:47:31.973,9.16689752
2015-07-12,15:47:33.006,9.167052
2015-07-12,15:47:33.997,9.16722333
2015-07-12,15:47:35.000,9.16739295
2015-07-12,15:47:35.979,9.16755602
2015-07-12,15:47:36.997,9.16772925
2015-07-12,15:47:37.992,9.16790209
2015-07-12,15:47:38.956,9.16806712
2015-07-12,15:47:39.975,9.16823685
2015-07-12,15:47:40.977,9.16840652
2015-07-12,15:47:41.953,9.16859026
2015-07-12,15:47:42.948,9.16877141
2015-07-12,15:47:44.046,9.16893694
2015-07-12,15:47:44.963,9.16908339
2015-07-12,15:47:45.938,9.16926093
2015-07-12,15:47:46.987,9.16941944
2015-07-12,15:47:47.943,9.16959859
2015-07-12,15:47:48.945,9.1697646
2015-07-12,15:47:49.937,9.16981231
2015-07-12,15:47:50.968,9.16993931
2015-07-12,15:47:51.937,9.17006274
2015-07-12,15:47:52.950,9.17018473
2015-07-12,15:47:53.974,9.17030537
2015-07-12,15:47:54.965,9.17042347
2015-07-12,15:47:55.937,9.17055548
2015-07-12,15:47:57.044,9.1707124
2015-07-12,15:47:57.937,9.17086607
2015-07-12,15:47:59.011,9.17098785
2015-07-12,15:47:59.948,9.17108309
2015-07-12,15:48:00.945,9.17119145
2015-07-12,15:48:01.972,9.17129656
2015-07-12,15:48:02.945,9.17143308
2015-07-12,15:48:03.953,9.17154312
2015-07-12,15:48:04.976,9.17155513
2015-07-12,15:48:05.954,9.17156486
2015-07-12,15:48:06.937,9.17161751
2015-07-12,15:48:07.981,9.17174205
2015-07-12,15:48:08.946,9.17182089
2015-07-12,15:48:09.975,9.17189795
2015-07-12,15:48:11.005,9.17201866
2015-07-12,15:48:11.954,9.17209671
2015-07-12,15:48:12.967,9.17218215
2015-07-12,15:48:13.972,9.17240233
2015-07-12,15:48:14.946,9.17253541
2015-07-12,15:48:15.980,9.17262742
2015-07-12,15:48:16.970,9.17270129
2015-07-12,15:48:17.966,9.17278595
2015-07-12,15:48:18.965,9.17288832
2015-07-12,15:48:19.998,9.17300522
2015-07-12,15:48:20.971,9.1731274
2015-07-12,15:48:21.953,9.17324042
2015-07-12,15:48:22.966,9.17336768
2015-07-12,15:48:23.960,9.1734667
2015-07-12,15:48:24.963,9.17357969
2015-07-12,15:48:25.979,9.17370267
2015-07-12,15:48:27.008,9.1738192
2015-07-12,15:48:27.943,9.17392845
2015-07-12,15:48:28.969,9.17403773
2015-07-12,15:48:29.993,9.17414824
2015-07-12,15:48:30.971,9.17425316
2015-07-12,15:48:31.966,9.17437756
2015-07-12,15:48:32.975,9.17449292
2015-07-12,15:48:33.967,9.17460635
2015-07-12,15:48:34.971,9.17471572
2015-07-12,15:48:35.955,9.17483644
2015-07-12,15:48:36.975,9.17495009
2015-07-12,15:48:37.965,9.17507142
2015-07-12,15:48:38.936,9.17519986
2015-07-12,15:48:39.987,9.17532856
2015-07-12,15:48:40.940,9.17546214
2015-07-12,15:48:41.963,9.17558605
2015-07-12,15:48:42.936,9.17571379
2015-07-12,15:48:43.961,9.17584199
2015-07-12,15:48:44.936,9.17597713
2015-07-12,15:48:45.991,9.17614963
2015-07-12,15:48:46.966,9.17627004
2015-07-12,15:48:47.963,9.17640157
2015-07-12,15:48:48.936,9.17648708
2015-07-12,15:48:49.959,9.17657378
2015-07-12,15:48:50.937,9.17667114
2015-07-12,15:48:51.981,9.17673175
2015-07-12,15:48:52.948,9.1767779
2015-07-12,15:48:53.950,9.17682931
2015-07-12,15:48:54.937,9.17687694
2015-07-12,15:48:55.936,9.17691144
2015-07-12,15:48:56.946,9.17694964
2015-07-12,15:48:57.937,9.1770012
2015-07-12,15:48:58.962,9.17705035
2015-07-12,15:48:59.944,9.17708439
2015-07-12,15:49:00.988,9.17713627
2015-07-12,15:49:01.957,9.17717053
2015-07-12,15:49:02.943,9.17719334
2015-07-12,15:49:03.936,9.17722036
2015-07-12,15:49:04.952,9.17723231
2015-07-12,15:49:05.938,9.17724653
2015-07-12,15:49:06.977,9.17726102
2015-07-12,15:49:07.936,9.17727451
2015-07-12,15:49:08.963,9.17728872
2015-07-12,15:49:09.944,9.17730341
2015-07-12,15:49:10.944,9.17731765
2015-07-12,15:49:11.945,9.17733005
2015-07-12,15:49:12.975,9.17732939
2015-07-12,15:49:13.938,9.17732972
2015-07-12,15:49:14.938,9.17732992
2015-07-12,15:49:15.945,9.17732801
2015-07-12,15:49:16.945,9.1773269
2015-07-12,15:49:17.937,9.17732654
2015-07-12,15:49:18.954,9.17732571
2015-07-12,15:49:19.937,9.17732336
2015-07-12,15:49:20.942,9.17732096
2015-07-12,15:49:21.968,9.17731925
2015-07-12,15:49:22.936,9.17731929
2015-07-12,15:49:23.936,9.17731951
2015-07-12,15:49:24.949,9.17732035
2015-07-12,15:49:25.936,9.17732238
2015-07-12,15:49:26.937,9.17734111
2015-07-12,15:49:27.936,9.17736883
2015-07-12,15:49:28.941,9.17741326
2015-07-12,15:49:29.936,9.17750386
2015-07-12,15:49:30.959,9.17770092
2015-07-12,15:49:31.937,9.17782588
2015-07-12,15:49:32.938,9.17796018
2015-07-12,15:49:33.973,9.17806107
2015-07-12,15:49:34.936,9.17819591
2015-07-12,15:49:35.963,9.17834216
2015-07-12,15:49:36.958,9.1784882
2015-07-12,15:49:37.950,9.17864503
2015-07-12,15:49:38.936,9.17880417
2015-07-12,15:49:39.985,9.17895598
2015-07-12,15:49:40.936,9.17914142
2015-07-12,15:49:41.948,9.1792858
2015-07-12,15:49:42.966,9.1794146
2015-07-12,15:49:43.958,9.1795287
2015-07-12,15:49:44.936,9.17964934
2015-07-12,15:49:45.943,9.17985296
2015-07-12,15:49:46.955,9.18005628
2015-07-12,15:49:47.946,9.18028047
2015-07-12,15:49:48.936,9.1804635
2015-07-12,15:49:49.970,9.18062301
2015-07-12,15:49:50.937,9.18073825
2015-07-12,15:49:51.937,9.18082786
2015-07-12,15:49:52.936,9.18088848
2015-07-12,15:49:53.964,9.18093983
2015-07-12,15:49:54.975,9.18097429
2015-07-12,15:49:55.986,9.18098981
2015-07-12,15:49:56.945,9.18096887
2015-07-12,15:49:57.939,9.18096963
2015-07-12,15:49:58.983,9.18097284
2015-07-12,15:49:59.952,9.18097572
2015-07-12,15:50:01.447,9.18097502
2015-07-12,15:50:01.940,9.18097559
2015-07-12,15:50:02.948,9.18097925
2015-07-12,15:50:03.943,9.18098166
2015-07-12,15:50:04.950,9.180983
2015-07-12,15:50:05.943,9.18098698
2015-07-12,15:50:06.971,9.18098848
2015-07-12,15:50:07.936,9.18098906
2015-07-12,15:50:08.960,9.1809899
2015-07-12,15:50:09.958,9.18099112
2015-07-12,15:50:10.957,9.18099084
2015-07-12,15:50:11.936,9.18099134
2015-07-12,15:50:12.954,9.18099089
2015-07-12,15:50:13.958,9.18099091
2015-07-12,15:50:14.950,9.18099051
2015-07-12,15:50:15.946,9.18098974
2015-07-12,15:50:16.961,9.18098966
2015-07-12,15:50:17.976,9.18098968
2015-07-12,15:50:18.937,9.18098961
2015-07-12,15:50:19.945,9.18098949
2015-07-12,15:50:21.112,9.1809894
2015-07-12,15:50:21.936,9.18099016
2015-07-12,15:50:22.937,9.18098995
2015-07-12,15:50:23.980,9.18099024
2015-07-12,15:50:24.940,9.18099005
2015-07-12,15:50:25.960,9.1809899
2015-07-12,15:50:26.943,9.18098972
2015-07-12,15:50:27.961,9.18098914
2015-07-12,15:50:28.963,9.18098848
2015-07-12,15:50:29.936,9.18098885
2015-07-12,15:50:31.055,9.18098902
2015-07-12,15:50:31.944,9.18101986
2015-07-12,15:50:32.951,9.18109759
2015-07-12,15:50:33.936,9.18119585
2015-07-12,15:50:34.962,9.18128536
2015-07-12,15:50:35.936,9.18137759
2015-07-12,15:50:36.950,9.18148072
2015-07-12,15:50:37.938,9.18157924
2015-07-12,15:50:38.969,9.18169633
2015-07-12,15:50:39.936,9.18182515
2015-07-12,15:50:40.974,9.18196403
2015-07-12,15:50:41.936,9.18208026
2015-07-12,15:50:42.936,9.18225606
2015-07-12,15:50:43.945,9.18235188
2015-07-12,15:50:44.943,9.1824062
2015-07-12,15:50:45.936,9.18249335
2015-07-12,15:50:46.945,9.18260323
2015-07-12,15:50:47.945,9.1826688
2015-07-12,15:50:48.936,9.18278719
2015-07-12,15:50:49.991,9.18295814
2015-07-12,15:50:50.946,9.18318587
2015-07-12,15:50:51.953,9.18339855
2015-07-12,15:50:52.972,9.18357975
2015-07-12,15:50:53.948,9.1837147
2015-07-12,15:50:54.935,9.18387866
2015-07-12,15:50:55.985,9.18401515
2015-07-12,15:50:57.051,9.18414679
2015-07-12,15:50:57.953,9.1842833
2015-07-12,15:50:58.972,9.18441966
2015-07-12,15:50:59.979,9.18457413
2015-07-12,15:51:00.978,9.18472976
2015-07-12,15:51:01.978,9.18485131
2015-07-12,15:51:02.968,9.18498449
2015-07-12,15:51:03.962,9.185101
2015-07-12,15:51:04.982,9.18522641
2015-07-12,15:51:05.951,9.18536337
2015-07-12,15:51:06.966,9.18549393
2015-07-12,15:51:07.961,9.18561517
2015-07-12,15:51:08.954,9.18573493
2015-07-12,15:51:09.947,9.18586795
2015-07-12,15:51:10.989,9.18599889
2015-07-12,15:51:11.965,9.18613984
2015-07-12,15:51:12.960,9.18628672
2015-07-12,15:51:13.951,9.18643979
2015-07-12,15:51:14.954,9.18658847
2015-07-12,15:51:15.935,9.18672704
2015-07-12,15:51:16.954,9.18686563
2015-07-12,15:51:17.966,9.1869943
2015-07-12,15:51:18.974,9.18708352
2015-07-12,15:51:19.935,9.18713836
2015-07-12,15:51:20.957,9.18718106
2015-07-12,15:51:21.937,9.18719405
2015-07-12,15:51:22.964,9.18723571
2015-07-12,15:51:23.961,9.18727375
2015-07-12,15:51:24.977,9.18726879
2015-07-12,15:51:25.963,9.18727422
2015-07-12,15:51:27.097,9.18727396
2015-07-12,15:51:28.178,9.18727834
2015-07-12,15:51:28.975,9.18728579
2015-07-12,15:51:29.946,9.18728708
2015-07-12,15:51:31.055,9.18728722
2015-07-12,15:51:31.982,9.18728914
2015-07-12,15:51:32.944,9.18729313
2015-07-12,15:51:34.022,9.18729317
2015-07-12,15:51:34.935,9.18729415
2015-07-12,15:51:35.935,9.18729417
2015-07-12,15:51:36.939,9.18729912
2015-07-12,15:51:38.000,9.1873017
2015-07-12,15:51:38.943,9.18730371
2015-07-12,15:51:39.958,9.18730587
2015-07-12,15:51:40.949,9.18730772
2015-07-12,15:51:41.969,9.18730789
2015-07-12,15:51:42.938,9.1873081
2015-07-12,15:51:43.989,9.18730766
2015-07-12,15:51:44.957,9.18730757
2015-07-12,15:51:45.957,9.18730772
2015-07-12,15:51:46.977,9.18730812
2015-07-12,15:51:47.965,9.18730826
2015-07-12,15:51:48.944,9.18730834
2015-07-12,15:51:49.988,9.18730879
2015-07-12,15:51:50.960,9.18730912
2015-07-12,15:51:51.961,9.18730863
2015-07-12,15:51:52.946,9.187309
2015-07-12,15:51:53.948,9.18730887
2015-07-12,15:51:55.007,9.18730915
2015-07-12,15:51:55.956,9.18730954
2015-07-12,15:51:56.950,9.18730972
2015-07-12,15:51:57.935,9.18730919
2015-07-12,15:51:58.943,9.18730788
2015-07-12,15:51:59.937,9.18730699
2015-07-12,15:52:00.990,9.18730515
2015-07-12,15:52:01.951,9.18730524
2015-07-12,15:52:02.935,9.1873054
2015-07-12,15:52:03.938,9.18730569
2015-07-12,15:52:04.943,9.18730611
2015-07-12,15:52:06.015,9.18730645
2015-07-12,15:52:07.045,9.18730663
2015-07-12,15:52:07.959,9.18730736
2015-07-12,15:52:08.935,9.18730625
2015-07-12,15:52:09.935,9.18730511
2015-07-12,15:52:10.959,9.18730617
2015-07-12,15:52:11.959,9.18730554
2015-07-12,15:52:12.967,9.18730695
2015-07-12,15:52:14.015,9.18733572
2015-07-12,15:52:15.048,9.18737069
2015-07-12,15:52:15.968,9.18741897
2015-07-12,15:52:17.155,9.18752407
2015-07-12,15:52:17.950,9.18760165
2015-07-12,15:52:19.021,9.1877
2015-07-12,15:52:19.977,9.1878215
2015-07-12,15:52:20.969,9.18795508
2015-07-12,15:52:22.024,9.18808352
2015-07-12,15:52:23.028,9.18820993
2015-07-12,15:52:23.998,9.18834066
2015-07-12,15:52:24.973,9.18848303
2015-07-12,15:52:25.938,9.18862056
2015-07-12,15:52:27.008,9.18875709
2015-07-12,15:52:27.985,9.18888843
2015-07-12,15:52:28.997,9.18901984
2015-07-12,15:52:30.037,9.18915384
2015-07-12,15:52:31.008,9.18928526
2015-07-12,15:52:31.949,9.18941792
2015-07-12,15:52:32.954,9.18955142
2015-07-12,15:52:33.947,9.18968182
2015-07-12,15:52:34.960,9.18979673
2015-07-12,15:52:36.015,9.18992214
2015-07-12,15:52:36.954,9.19003715
2015-07-12,15:52:37.935,9.19014355
2015-07-12,15:52:38.958,9.19022975
2015-07-12,15:52:39.961,9.19029627
2015-07-12,15:52:40.952,9.19034259
2015-07-12,15:52:42.015,9.19039545
2015-07-12,15:52:42.947,9.19044479
2015-07-12,15:52:43.967,9.19049145
2015-07-12,15:52:44.957,9.19053265
2015-07-12,15:52:45.949,9.19054199
2015-07-12,15:52:46.952,9.19055058
2015-07-12,15:52:47.945,9.19055791
2015-07-12,15:52:48.950,9.19055706
2015-07-12,15:52:49.940,9.19054112
2015-07-12,15:52:51.011,9.19054923
2015-07-12,15:52:51.948,9.19055575
2015-07-12,15:52:52.973,9.19056389
2015-07-12,15:52:53.963,9.19057624
2015-07-12,15:52:54.955,9.19058466
2015-07-12,15:52:55.981,9.19058855
2015-07-12,15:52:56.990,9.19058621
2015-07-12,15:52:57.947,9.19058184
2015-07-12,15:52:58.940,9.19057598
2015-07-12,15:52:59.994,9.19057064
2015-07-12,15:53:00.942,9.19057119
2015-07-12,15:53:01.948,9.1905734
2015-07-12,15:53:02.965,9.19057464
2015-07-12,15:53:03.952,9.19060173
2015-07-12,15:53:04.960,9.19062474
2015-07-12,15:53:05.957,9.19065003
2015-07-12,15:53:06.937,9.19071336
2015-07-12,15:53:07.954,9.19078519
2015-07-12,15:53:08.960,9.19094324
2015-07-12,15:53:09.986,9.19121175
2015-07-12,15:53:10.948,9.19130473
2015-07-12,15:53:11.956,9.19145078
2015-07-12,15:53:12.974,9.19155644
2015-07-12,15:53:13.946,9.19168279
2015-07-12,15:53:14.949,9.19179157
2015-07-12,15:53:15.985,9.19190975
2015-07-12,15:53:16.948,9.19197614
2015-07-12,15:53:17.958,9.19208733
2015-07-12,15:53:18.948,9.19220738
2015-07-12,15:53:19.934,9.19221692
2015-07-12,15:53:20.997,9.19228811
2015-07-12,15:53:21.936,9.19233659
2015-07-12,15:53:22.940,9.19239512
2015-07-12,15:53:23.959,9.19244058
2015-07-12,15:53:24.956,9.19239091
2015-07-12,15:53:25.940,9.1923933
2015-07-12,15:53:26.980,9.19239699
2015-07-12,15:53:27.947,9.19239586
2015-07-12,15:53:28.949,9.19239247
2015-07-12,15:53:29.992,9.19240569
2015-07-12,15:53:30.957,9.19240049
2015-07-12,15:53:31.993,9.19240765
2015-07-12,15:53:32.988,9.19240957
2015-07-12,15:53:33.963,9.19240854
2015-07-12,15:53:34.934,9.19240974
2015-07-12,15:53:35.985,9.19241222
2015-07-12,15:53:36.935,9.19241317
2015-07-12,15:53:37.935,9.19241783
2015-07-12,15:53:38.935,9.19241569
2015-07-12,15:53:39.960,9.19241097
2015-07-12,15:53:40.939,9.19240733
2015-07-12,15:53:42.138,9.1924055
2015-07-12,15:53:42.934,9.19240517
2015-07-12,15:53:44.006,9.1924053
2015-07-12,15:53:44.985,9.19240609
2015-07-12,15:53:45.957,9.19240602
2015-07-12,15:53:46.934,9.19243366
2015-07-12,15:53:47.956,9.19248143
2015-07-12,15:53:48.943,9.19253403
2015-07-12,15:53:49.983,9.19257781
2015-07-12,15:53:50.970,9.19262073
2015-07-12,15:53:51.958,9.19266773
2015-07-12,15:53:52.934,9.19271915
2015-07-12,15:53:53.975,9.19277702
2015-07-12,15:53:54.937,9.19290877
2015-07-12,15:53:55.999,9.19316296
2015-07-12,15:53:56.982,9.19328324
2015-07-12,15:53:57.938,9.19341186
2015-07-12,15:53:58.934,9.19354964
2015-07-12,15:53:59.977,9.19371557
2015-07-12,15:54:00.934,9.193859
2015-07-12,15:54:01.939,9.1940049
2015-07-12,15:54:02.967,9.19417739
2015-07-12,15:54:03.934,9.19431113
2015-07-12,15:54:04.974,9.19461686
2015-07-12,15:54:05.972,9.19479526
2015-07-12,15:54:06.949,9.19498451
2015-07-12,15:54:07.934,9.19517444
2015-07-12,15:54:08.947,9.19533556
2015-07-12,15:54:09.934,9.19553973
2015-07-12,15:54:10.951,9.19572294
2015-07-12,15:54:11.952,9.19590305
2015-07-12,15:54:12.954,9.19606793
2015-07-12,15:54:13.934,9.19639146
2015-07-12,15:54:14.966,9.19655352
2015-07-12,15:54:15.947,9.19670282
2015-07-12,15:54:16.945,9.19683383
2015-07-12,15:54:17.959,9.19697753
2015-07-12,15:54:18.956,9.19711816
2015-07-12,15:54:19.934,9.19727022
2015-07-12,15:54:20.985,9.19744346
2015-07-12,15:54:21.939,9.19760594
2015-07-12,15:54:22.955,9.19774844
2015-07-12,15:54:23.967,9.19787253
2015-07-12,15:54:24.964,9.19802441
2015-07-12,15:54:25.934,9.19818959
2015-07-12,15:54:26.951,9.19837855
2015-07-12,15:54:27.933,9.19865325
2015-07-12,15:54:28.973,9.19883993
2015-07-12,15:54:29.934,9.19902221
2015-07-12,15:54:30.943,9.19919627
2015-07-12,15:54:31.934,9.19937148
2015-07-12,15:54:32.955,9.19953836
2015-07-12,15:54:33.962,9.19967512
2015-07-12,15:54:34.994,9.19982299
2015-07-12,15:54:35.955,9.1999951
2015-07-12,15:54:36.934,9.2001051
2015-07-12,15:54:38.007,9.20023338
2015-07-12,15:54:38.946,9.200347
2015-07-12,15:54:39.971,9.2004326
2015-07-12,15:54:40.975,9.20051684
2015-07-12,15:54:41.969,9.2005806
2015-07-12,15:54:42.941,9.20061092
2015-07-12,15:54:43.941,9.20063326
2015-07-12,15:54:44.944,9.20067588
2015-07-12,15:54:45.976,9.20069757
2015-07-12,15:54:46.933,9.20060811
2015-07-12,15:54:47.955,9.20061738
2015-07-12,15:54:48.980,9.20059491
2015-07-12,15:54:49.957,9.20061041
2015-07-12,15:54:50.971,9.20062069
2015-07-12,15:54:51.990,9.20063795
2015-07-12,15:54:52.933,9.20064182
2015-07-12,15:54:53.961,9.20064541
2015-07-12,15:54:55.022,9.20064836
2015-07-12,15:54:55.963,9.20065092
2015-07-12,15:54:56.953,9.20065517
2015-07-12,15:54:57.980,9.2006574
2015-07-12,15:54:58.977,9.20065955
2015-07-12,15:54:59.939,9.20066205
2015-07-12,15:55:00.939,9.20066598
2015-07-12,15:55:01.967,9.20067177
2015-07-12,15:55:02.981,9.20070154
2015-07-12,15:55:03.962,9.20075424
2015-07-12,15:55:04.971,9.20081251
2015-07-12,15:55:05.938,9.200949
2015-07-12,15:55:06.956,9.20104347
2015-07-12,15:55:07.944,9.20117494
2015-07-12,15:55:08.964,9.20128872
2015-07-12,15:55:09.934,9.20142038
2015-07-12,15:55:10.969,9.20156339
2015-07-12,15:55:11.978,9.20167628
2015-07-12,15:55:12.958,9.20181841
2015-07-12,15:55:13.956,9.20190137
2015-07-12,15:55:14.980,9.2020028
2015-07-12,15:55:15.976,9.20212259
2015-07-12,15:55:16.933,9.20224149
2015-07-12,15:55:17.961,9.20238415
2015-07-12,15:55:18.933,9.20251614
2015-07-12,15:55:19.933,9.20261895
2015-07-12,15:55:21.002,9.20273997
2015-07-12,15:55:21.956,9.20283474
2015-07-12,15:55:22.950,9.20295055
2015-07-12,15:55:23.956,9.20303117
2015-07-12,15:55:24.977,9.20310297
2015-07-12,15:55:25.959,9.20316957
2015-07-12,15:55:26.954,9.20319317
2015-07-12,15:55:27.933,9.20318462
2015-07-12,15:55:28.944,9.20322649
2015-07-12,15:55:29.933,9.20325214
2015-07-12,15:55:30.966,9.20327485
2015-07-12,15:55:31.937,9.20327215
2015-07-12,15:55:32.939,9.20327994
2015-07-12,15:55:33.933,9.20326235
2015-07-12,15:55:34.968,9.20325989
2015-07-12,15:55:35.933,9.2032568
2015-07-12,15:55:36.937,9.20328001
2015-07-12,15:55:37.934,9.20328701
2015-07-12,15:55:38.960,9.20328979
2015-07-12,15:55:39.936,9.20330177
2015-07-12,15:55:40.939,9.20330145
2015-07-12,15:55:41.933,9.20328738
2015-07-12,15:55:42.933,9.20327421
2015-07-12,15:55:43.933,9.20326978
2015-07-12,15:55:44.933,9.20327224
2015-07-12,15:55:45.933,9.20327705
2015-07-12,15:55:46.933,9.20327953
2015-07-12,15:55:47.933,9.20328096
2015-07-12,15:55:48.945,9.20328275
2015-07-12,15:55:49.956,9.20328619
2015-07-12,15:55:50.972,9.20328468
2015-07-12,15:55:51.963,9.20326936
2015-07-12,15:55:52.934,9.20323957
2015-07-12,15:55:53.964,9.20321849
2015-07-12,15:55:54.933,9.20321896
2015-07-12,15:55:55.958,9.20323501
2015-07-12,15:55:56.952,9.20326365
2015-07-12,15:55:57.960,9.20329372
2015-07-12,15:55:58.933,9.20332855
2015-07-12,15:55:59.945,9.20336781
2015-07-12,15:56:00.942,9.20343047
2015-07-12,15:56:01.948,9.20367945
2015-07-12,15:56:02.963,9.20373447
2015-07-12,15:56:03.975,9.20389568
2015-07-12,15:56:04.985,9.20403125
2015-07-12,15:56:05.962,9.2041154
2015-07-12,15:56:06.960,9.20418861
2015-07-12,15:56:08.012,9.20424279
2015-07-12,15:56:08.951,9.20431058
2015-07-12,15:56:09.938,9.20439194
2015-07-12,15:56:10.956,9.20447588
2015-07-12,15:56:11.972,9.20457214
2015-07-12,15:56:12.953,9.20468907
2015-07-12,15:56:52.935,9.20654241
2015-07-12,15:56:53.932,9.20662186
2015-07-12,15:56:54.965,9.2070027
2015-07-12,15:56:55.932,9.20717216
2015-07-12,15:56:56.966,9.2073337
2015-07-12,15:56:57.933,9.20745289
2015-07-12,15:56:59.003,9.20757305
2015-07-12,15:56:59.970,9.20770746
2015-07-12,15:57:00.944,9.20784444
2015-07-12,15:57:01.937,9.20796545
2015-07-12,15:57:02.945,9.20809589
2015-07-12,15:57:03.933,9.20824169
2015-07-12,15:57:04.960,9.20836173
2015-07-12,15:57:05.933,9.2084532
2015-07-12,15:57:06.988,9.20856833
2015-07-12,15:57:07.947,9.20867688
2015-07-12,15:57:08.959,9.20877421
2015-07-12,15:57:09.932,9.20887409
2015-07-12,15:57:10.932,9.2089575
2015-07-12,15:57:11.960,9.2090534
2015-07-12,15:57:12.937,9.20914487
2015-07-12,15:57:13.933,9.20919736
2015-07-12,15:57:14.933,9.20924658
2015-07-12,15:57:15.933,9.20922453
2015-07-12,15:57:16.984,9.20922773
2015-07-12,15:57:17.933,9.20923636
2015-07-12,15:57:18.932,9.20924156
2015-07-12,15:57:19.942,9.20925057
2015-07-12,15:57:20.932,9.20924831
2015-07-12,15:57:21.962,9.20924861
2015-07-12,15:57:22.956,9.20925737
2015-07-12,15:57:23.939,9.20925943
2015-07-12,15:57:24.932,9.20926295
2015-07-12,15:57:25.953,9.2092677
2015-07-12,15:57:26.941,9.20927685
2015-07-12,15:57:27.997,9.20928809
2015-07-12,15:57:28.934,9.20930297
2015-07-12,15:57:29.932,9.20931974
2015-07-12,15:57:30.932,9.20933874
2015-07-12,15:57:31.951,9.20935641
2015-07-12,15:57:32.932,9.20937774
2015-07-12,15:57:33.957,9.20940276
2015-07-12,15:57:34.941,9.20942712
2015-07-12,15:57:35.951,9.20945261
2015-07-12,15:57:36.932,9.20948276
2015-07-12,15:57:37.953,9.20952356
2015-07-12,15:57:38.933,9.20956879
2015-07-12,15:57:39.940,9.20962327
2015-07-12,15:57:40.951,9.20967381
2015-07-12,15:57:41.935,9.20972841
2015-07-12,15:57:42.932,9.20978399
2015-07-12,15:57:43.958,9.21010743
2015-07-12,15:57:44.932,9.21016278
2015-07-12,15:57:45.936,9.21021181
2015-07-12,15:57:46.941,9.21026902
2015-07-12,15:57:47.932,9.21032509
2015-07-12,15:57:48.932,9.21038112
2015-07-12,15:57:49.955,9.21044509
2015-07-12,15:57:50.952,9.21053779
2015-07-12,15:57:51.933,9.21060021
2015-07-12,15:57:52.957,9.2106641
2015-07-12,15:57:53.934,9.21072814
2015-07-12,15:57:54.961,9.21086795
2015-07-12,15:57:55.951,9.2110668
2015-07-12,15:57:56.955,9.21117168
2015-07-12,15:57:57.967,9.21128285
2015-07-12,15:57:58.967,9.21138286
2015-07-12,15:57:59.965,9.21145438
2015-07-12,15:58:00.957,9.21152161
2015-07-12,15:58:01.968,9.21158461
2015-07-12,15:58:02.940,9.21165339
2015-07-12,15:58:03.962,9.21179098
2015-07-12,15:58:04.968,9.21186713
2015-07-12,15:58:05.961,9.21195549
2015-07-12,15:58:06.964,9.21203834
2015-07-12,15:58:07.985,9.21208705
2015-07-12,15:58:19.932,9.21283107
2015-07-12,15:58:20.973,9.21291118
2015-07-12,15:58:21.945,9.21299031
2015-07-12,15:58:22.974,9.21307362
2015-07-12,15:58:23.932,9.21314818
2015-07-12,15:58:24.959,9.21324731
2015-07-12,15:58:25.931,9.21335698
2015-07-12,15:58:26.932,9.21347862
2015-07-12,15:58:27.955,9.21354563
2015-07-12,15:58:28.940,9.21364692
2015-07-12,15:58:29.931,9.21372484
2015-07-12,15:58:30.971,9.21383032
2015-07-12,15:58:31.932,9.2138364
2015-07-12,15:58:32.932,9.2139133
2015-07-12,15:58:33.932,9.21396724
2015-07-12,15:58:34.934,9.21401041
2015-07-12,15:58:35.933,9.21405956
2015-07-12,15:58:36.960,9.21411014
2015-07-12,15:58:37.958,9.21416492
2015-07-12,15:58:38.925,9.21423487
2015-07-12,15:58:39.961,9.21428666
2015-07-12,15:58:40.974,9.2143121
2015-07-12,15:58:41.966,9.21434574
2015-07-12,15:58:42.932,9.21438683
2015-07-12,15:58:43.983,9.2145028
2015-07-12,15:58:44.955,9.21459341
2015-07-12,15:58:45.942,9.21465212
2015-07-12,15:58:46.932,9.21470432
2015-07-12,15:58:47.941,9.21475993
2015-07-12,15:58:48.943,9.21479578
2015-07-12,15:58:49.932,9.21483478
2015-07-12,15:58:50.939,9.2148394
2015-07-12,15:58:51.963,9.21485141
2015-07-12,15:58:52.959,9.2148558
2015-07-12,15:58:53.974,9.2148617
2015-07-12,15:58:54.957,9.2148895
2015-07-12,15:58:55.935,9.21490925
2015-07-12,15:58:57.000,9.21490137
2015-07-12,15:58:57.935,9.21495174
2015-07-12,15:58:58.923,9.21498011
2015-07-12,15:58:59.969,9.21502319
2015-07-12,15:59:00.948,9.21506661
2015-07-12,15:59:01.970,9.21514658
2015-07-12,15:59:02.970,9.21519719
2015-07-12,15:59:03.954,9.21521859
2015-07-12,15:59:04.934,9.21526165
2015-07-12,15:59:05.955,9.21528666
2015-07-12,15:59:06.961,9.21531709
2015-07-12,15:59:07.938,9.21541527
2015-07-12,15:59:08.984,9.21568769
2015-07-12,15:59:09.931,9.21577148
2015-07-12,15:59:10.950,9.21584842
2015-07-12,15:59:11.927,9.2159203
2015-07-12,15:59:12.973,9.21599199
2015-07-12,15:59:13.931,9.21605738
2015-07-12,15:59:14.923,9.21616837
2015-07-12,15:59:15.931,9.21630124
2015-07-12,15:59:16.947,9.2163741
2015-07-12,15:59:17.947,9.21646394
2015-07-12,15:59:18.956,9.21650202
2015-07-12,15:59:19.956,9.21650502
2015-07-12,15:59:20.980,9.21652838
2015-07-12,15:59:21.956,9.21654311
2015-07-12,15:59:22.923,9.21655008
2015-07-12,15:59:23.932,9.21655397
2015-07-12,15:59:24.939,9.21657398
2015-07-12,15:59:25.948,9.21657899
2015-07-12,15:59:26.956,9.21658328
2015-07-12,15:59:27.979,9.21658712
2015-07-12,15:59:28.931,9.21658528
2015-07-12,15:59:29.931,9.21658649
2015-07-12,15:59:30.940,9.21658466
2015-07-12,15:59:32.011,9.21659417
2015-07-12,15:59:32.981,9.21659346
2015-07-12,15:59:33.932,9.21659387
2015-07-12,15:59:34.976,9.21659266
2015-07-12,15:59:35.931,9.21659284
2015-07-12,15:59:36.950,9.21658059
2015-07-12,15:59:37.978,9.21658008
2015-07-12,15:59:38.956,9.21658009
2015-07-12,15:59:39.933,9.21658026
2015-07-12,15:59:41.006,9.21658034
2015-07-12,15:59:41.940,9.21658052
2015-07-12,15:59:42.956,9.21658048
2015-07-12,15:59:43.962,9.21660103
2015-07-12,15:59:44.989,9.21664397
2015-07-12,15:59:45.957,9.21668011
2015-07-12,15:59:46.966,9.21672896
2015-07-12,15:59:47.970,9.21678813
2015-07-12,15:59:48.980,9.21683777
2015-07-12,15:59:49.944,9.2168854
2015-07-12,15:59:50.939,9.21692772
2015-07-12,15:59:51.946,9.21696115
2015-07-12,15:59:52.945,9.2169901
2015-07-12,15:59:53.954,9.2169989
2015-07-12,15:59:54.971,9.21701112
2015-07-12,15:59:55.959,9.21701689
2015-07-12,15:59:56.963,9.21702035
2015-07-12,15:59:57.975,9.21701683
2015-07-12,15:59:58.931,9.21701806
2015-07-12,15:59:59.930,9.21701641
2015-07-12,16:00:00.964,9.21701635
2015-07-12,16:00:01.957,9.21701715
2015-07-12,16:00:02.966,9.21701845
2015-07-12,16:00:03.940,9.21702118
2015-07-12,16:00:04.936,9.21702349
2015-07-12,16:00:05.935,9.2170256
2015-07-12,16:00:06.956,9.21702417
2015-07-12,16:00:07.935,9.21701465
2015-07-12,16:00:08.936,9.21701021
2015-07-12,16:00:09.957,9.21700773
2015-07-12,16:00:10.929,9.2170069
2015-07-12,16:00:11.966,9.21700674
2015-07-12,16:00:12.950,9.217007
2015-07-12,16:00:13.939,9.21700729
2015-07-12,16:00:14.938,9.21700868
2015-07-12,16:00:15.936,9.21701032
2015-07-12,16:00:16.943,9.21701111
2015-07-12,16:00:17.947,9.21701154
2015-07-12,16:00:18.960,9.21701155
2015-07-12,16:00:19.944,9.21701152
2015-07-12,16:00:20.929,9.21701158
2015-07-12,16:00:21.940,9.21701162
2015-07-12,16:00:22.959,9.21701172
2015-07-12,16:00:23.941,9.21701364
2015-07-12,16:00:24.939,9.21702138
2015-07-12,16:00:25.962,9.21703111
2015-07-12,16:00:26.931,9.21703875
2015-07-12,16:00:27.938,9.21705044
2015-07-12,16:00:28.953,9.21707775
2015-07-12,16:00:29.955,9.21712374
2015-07-12,16:00:30.967,9.21726655
2015-07-12,16:00:31.960,9.21730308
2015-07-12,16:00:32.938,9.21735871
2015-07-12,16:00:33.932,9.21738949
2015-07-12,16:00:34.935,9.21746394
2015-07-12,16:00:35.947,9.21752548
2015-07-12,16:00:36.945,9.21762228
2015-07-12,16:00:37.951,9.21770315
2015-07-12,16:00:38.940,9.21783909
2015-07-12,16:00:39.928,9.2179682
2015-07-12,16:00:40.938,9.21807655
2015-07-12,16:00:41.964,9.21823428
2015-07-12,16:00:42.933,9.2184565
2015-07-12,16:00:43.957,9.2186996
2015-07-12,16:00:44.943,9.21884573
2015-07-12,16:00:45.959,9.21899189
2015-07-12,16:00:46.987,9.21913942
2015-07-12,16:00:47.942,9.21929026
2015-07-12,16:00:48.932,9.21946051
2015-07-12,16:00:49.974,9.21961498
2015-07-12,16:00:50.929,9.21978356
2015-07-12,16:00:51.942,9.21996055
2015-07-12,16:00:52.966,9.22016373
2015-07-12,16:00:53.925,9.22032903
2015-07-12,16:00:54.934,9.2204995
2015-07-12,16:00:55.943,9.220621
2015-07-12,16:00:56.935,9.22072297
2015-07-12,16:00:57.937,9.22083508
2015-07-12,16:00:58.932,9.22092226
2015-07-12,16:00:59.978,9.22101145
2015-07-12,16:01:00.929,9.22107167
2015-07-12,16:01:01.939,9.22109765
2015-07-12,16:01:02.980,9.22107507
2015-07-12,16:01:03.989,9.22102999
2015-07-12,16:01:04.948,9.22099471
2015-07-12,16:01:05.923,9.22101054
2015-07-12,16:01:06.938,9.22101703
2015-07-12,16:01:07.922,9.22091561
2015-07-12,16:01:08.958,9.22092956
2015-07-12,16:01:09.953,9.22091764
2015-07-12,16:01:10.953,9.22088187
2015-07-12,16:01:11.922,9.22088636
2015-07-12,16:01:12.933,9.22088251
2015-07-12,16:01:13.924,9.22087478
2015-07-12,16:01:14.927,9.22086967
2015-07-12,16:01:15.953,9.22086648
2015-07-12,16:01:16.927,9.22086019
2015-07-12,16:01:17.976,9.22085404
2015-07-12,16:01:18.940,9.220847
2015-07-12,16:01:19.930,9.22084463
2015-07-12,16:01:20.931,9.22084301
2015-07-12,16:01:21.930,9.22084257
2015-07-12,16:01:22.934,9.22084058
2015-07-12,16:01:23.949,9.22083467
2015-07-12,16:01:24.930,9.22082804
2015-07-12,16:01:25.922,9.22082377
2015-07-12,16:01:26.931,9.2208241
2015-07-12,16:01:27.965,9.22083197
2015-07-12,16:01:28.922,9.22083328
2015-07-12,16:01:29.996,9.2208363
2015-07-12,16:01:30.934,9.22084409
2015-07-12,16:01:31.922,9.22085286
2015-07-12,16:01:32.936,9.22085969
2015-07-12,16:01:34.012,9.22086372
2015-07-12,16:01:36.339,9.22091605
2015-07-12,16:01:36.922,9.22096066
2015-07-12,16:01:37.995,9.22104807
2015-07-12,16:01:38.933,9.22113508
2015-07-12,16:01:39.931,9.22123598
2015-07-12,16:01:40.939,9.2215566
2015-07-12,16:01:41.923,9.22164861
2015-07-12,16:01:42.925,9.22176256
2015-07-12,16:01:43.941,9.22192171
2015-07-12,16:01:44.954,9.22205928
2015-07-12,16:01:45.946,9.2221945
2015-07-12,16:01:46.968,9.22231828
2015-07-12,16:01:47.953,9.22245589
2015-07-12,16:01:48.941,9.22255958
2015-07-12,16:01:49.923,9.22268204
2015-07-12,16:01:50.933,9.22279483
2015-07-12,16:01:51.941,9.22287907
2015-07-12,16:01:52.949,9.22294444
2015-07-12,16:01:53.949,9.22300553
2015-07-12,16:01:54.961,9.22302515
2015-07-12,16:01:55.974,9.22306492
2015-07-12,16:01:57.544,9.22307004
2015-07-12,16:01:57.923,9.22309835
2015-07-12,16:01:58.922,9.22310489
2015-07-12,16:01:59.944,9.22311067
2015-07-12,16:02:00.946,9.22311167
2015-07-12,16:02:02.005,9.22311046
2015-07-12,16:02:02.970,9.2231108
2015-07-12,16:02:03.930,9.223106
2015-07-12,16:02:04.958,9.22310371
2015-07-12,16:02:05.946,9.22310223
2015-07-12,16:02:06.934,9.22310207
2015-07-12,16:02:08.370,9.22310222
2015-07-12,16:02:08.962,9.22310182
2015-07-12,16:02:09.958,9.22307844
2015-07-12,16:02:10.982,9.22305675
2015-07-12,16:02:11.954,9.22303687
2015-07-12,16:02:12.922,9.22302055
2015-07-12,16:02:13.954,9.22300398
2015-07-12,16:02:42.965,9.2242783
2015-07-12,16:02:43.979,9.22434839
2015-07-12,16:02:44.948,9.22441812
2015-07-12,16:03:20.951,9.22919893
2015-07-12,16:03:21.951,9.229288
2015-07-12,16:03:22.938,9.22930952
2015-07-12,16:03:23.966,9.22934814
2015-07-12,16:03:24.942,9.22938717
2015-07-12,16:03:25.923,9.22940572
2015-07-12,16:03:26.955,9.22943275
2015-07-12,16:03:27.921,9.22945166
2015-07-12,16:03:28.962,9.2294157
2015-07-12,16:03:29.938,9.22943328
2015-07-12,16:03:30.933,9.22944782
2015-07-12,16:03:31.921,9.22945907
2015-07-12,16:03:32.928,9.22946474
2015-07-12,16:03:33.921,9.22947821
2015-07-12,16:03:34.944,9.22948583
2015-07-12,16:04:12.954,9.22980745
2015-07-12,16:04:13.921,9.22984207
2015-07-12,16:04:14.921,9.22990824
2015-07-12,16:04:15.939,9.23013665
2015-07-12,16:04:16.921,9.23025269
2015-07-12,16:04:17.926,9.23038915
2015-07-12,16:04:18.921,9.23049269
2015-07-12,16:04:19.921,9.23060994
2015-07-12,16:04:20.921,9.23074405
2015-07-12,16:04:21.949,9.23088345
2015-07-12,16:04:22.921,9.23101332
2015-07-12,16:04:23.921,9.2311446
2015-07-12,16:04:24.921,9.23126799
2015-07-12,16:06:09.079,9.23746598
2015-07-12,16:06:10.080,9.23775339
2015-07-12,16:06:11.079,9.23786942
2015-07-12,16:06:12.086,9.23798953
2015-07-12,16:06:13.080,9.23806851
2015-07-12,16:06:14.095,9.2383276
2015-07-12,16:06:15.080,9.23855578
2015-07-12,16:06:16.109,9.23873783
2015-07-12,16:06:17.087,9.23891835
2015-07-12,16:06:18.079,9.23910237
2015-07-12,16:06:19.115,9.23927619
2015-07-12,16:06:20.112,9.23945236
2015-07-12,16:06:21.159,9.23961016
2015-07-12,16:06:22.127,9.23978429
2015-07-12,16:06:23.118,9.23996266
2015-07-12,16:06:24.087,9.24016468
2015-07-12,16:06:25.127,9.2403445
2015-07-12,16:06:26.085,9.24053811
2015-07-12,16:06:27.111,9.24072878
2015-07-12,16:06:28.114,9.24091455
2015-07-12,16:06:29.103,9.24110491
2015-07-12,16:06:30.103,9.24130194
2015-07-12,16:06:31.137,9.24151692
2015-07-12,16:06:32.119,9.24173535
2015-07-12,16:06:33.108,9.24197244
2015-07-12,16:06:34.091,9.24217332
2015-07-12,16:06:35.097,9.24238397
2015-07-12,16:06:36.103,9.24258533
2015-07-12,16:06:37.140,9.24278845
2015-07-12,16:06:38.128,9.24300596
2015-07-12,16:06:39.160,9.24323512
2015-07-12,16:06:40.139,9.24347487
2015-07-12,16:06:41.104,9.24367857
2015-07-12,16:06:42.113,9.2439242
2015-07-12,16:06:43.117,9.24413944
2015-07-12,16:06:44.108,9.24436812
2015-07-12,16:06:45.089,9.24458349
2015-07-12,16:06:46.117,9.24481088
2015-07-12,16:06:47.095,9.24502548
2015-07-12,16:06:48.123,9.24523897
2015-07-12,16:06:49.095,9.2454462
2015-07-12,16:06:50.112,9.2456744
2015-07-12,16:06:51.087,9.24588951
2015-07-12,16:06:52.115,9.2460951
2015-07-12,16:06:53.106,9.24628869
2015-07-12,16:06:54.104,9.24650534
2015-07-12,16:06:55.126,9.24669239
2015-07-12,16:06:56.157,9.24691395
2015-07-12,16:06:57.171,9.24712582
2015-07-12,16:06:58.197,9.24733868
2015-07-12,16:06:59.167,9.2475547
2015-07-12,16:07:00.108,9.24777414
2015-07-12,16:07:01.110,9.2479884
2015-07-12,16:07:02.140,9.24818909
2015-07-12,16:07:03.115,9.24839732
2015-07-12,16:07:04.079,9.24860586
2015-07-12,16:07:05.163,9.24882159
2015-07-12,16:07:06.079,9.24904147
2015-07-12,16:07:07.106,9.24926771
2015-07-12,16:07:08.088,9.24950429
2015-07-12,16:07:09.093,9.24973823
2015-07-12,16:07:10.121,9.24998127
2015-07-12,16:07:11.111,9.25023521
2015-07-12,16:07:12.103,9.25050608
2015-07-12,16:07:13.133,9.25077158
2015-07-12,16:07:14.123,9.25103757
2015-07-12,16:07:15.095,9.25130832
2015-07-12,16:07:16.108,9.25158956
2015-07-12,16:07:17.084,9.25186818
2015-07-12,16:07:18.087,9.25215387
2015-07-12,16:07:19.100,9.25244145
2015-07-12,16:07:20.102,9.25272468
2015-07-12,16:07:21.079,9.2530131
2015-07-12,16:07:22.088,9.25330557
2015-07-12,16:07:23.120,9.25360776
2015-07-12,16:07:24.100,9.2538946
2015-07-12,16:07:25.079,9.254182
2015-07-12,16:07:26.110,9.25446844
2015-07-12,16:07:27.091,9.25475913
2015-07-12,16:07:28.084,9.25504906
2015-07-12,16:07:29.110,9.25533775
2015-07-12,16:07:30.113,9.25562449
2015-07-12,16:07:31.099,9.25591097
2015-07-12,16:07:32.123,9.25619964
2015-07-12,16:07:33.106,9.25649119
2015-07-12,16:07:34.087,9.25678194
2015-07-12,16:07:35.100,9.25706877
2015-07-12,16:07:36.090,9.25735703
2015-07-12,16:07:37.091,9.25764223
2015-07-12,16:07:38.126,9.25792671
2015-07-12,16:07:39.084,9.25821651
2015-07-12,16:07:40.106,9.25850272
2015-07-12,16:07:41.086,9.25878629
2015-07-12,16:07:42.105,9.25906485
2015-07-12,16:07:43.094,9.25933642
2015-07-12,16:07:44.118,9.25959748
2015-07-12,16:07:45.090,9.25985396
2015-07-12,16:07:46.099,9.26009847
2015-07-12,16:07:47.102,9.26033653
2015-07-12,16:07:48.091,9.26056631
2015-07-12,16:07:49.091,9.26078538
2015-07-12,16:07:50.095,9.2609891
2015-07-12,16:07:51.083,9.26118545
2015-07-12,16:07:52.112,9.2613693
2015-07-12,16:07:53.108,9.26153757
2015-07-12,16:07:54.101,9.2616863
2015-07-12,16:07:55.098,9.26182029
2015-07-12,16:07:56.113,9.26192496
2015-07-12,16:07:57.094,9.26203811
2015-07-12,16:07:58.101,9.26211413
2015-07-12,16:07:59.137,9.26218258
2015-07-12,16:08:00.120,9.26224129
2015-07-12,16:08:01.108,9.2622915
2015-07-12,16:08:02.082,9.26232366
2015-07-12,16:08:03.096,9.26239066
2015-07-12,16:08:04.108,9.26245167
2015-07-12,16:08:05.115,9.26251355
2015-07-12,16:08:06.097,9.2626381
2015-07-12,16:08:07.089,9.26272296
2015-07-12,16:08:08.105,9.26279678
2015-07-12,16:08:09.094,9.26281802
2015-07-12,16:08:10.093,9.26283257
2015-07-12,16:08:11.108,9.26284572
2015-07-12,16:08:12.085,9.26286155
2015-07-12,16:08:13.111,9.26289939
2015-07-12,16:08:14.097,9.26293618
2015-07-12,16:08:15.090,9.2630661
2015-07-12,16:08:16.110,9.2631889
2015-07-12,16:08:17.079,9.26331125
2015-07-12,16:08:18.084,9.26346374
2015-07-12,16:08:19.079,9.2636492
2015-07-12,16:08:20.079,9.2637712
2015-07-12,16:08:21.078,9.26392774
2015-07-12,16:08:22.079,9.26409519
2015-07-12,16:08:23.078,9.26427506
2015-07-12,16:08:24.079,9.26445906
2015-07-12,16:08:25.079,9.26464338
2015-07-12,16:08:26.084,9.2648416
2015-07-12,16:08:27.078,9.26504081
2015-07-12,16:08:28.079,9.26524055
2015-07-12,16:08:29.087,9.26545843
2015-07-12,16:08:30.094,9.26566744
2015-07-12,16:08:31.111,9.26587981
2015-07-12,16:08:32.166,9.26610112
2015-07-12,16:08:33.151,9.26635618
2015-07-12,16:08:34.130,9.26659031
2015-07-12,16:08:35.105,9.26681789
2015-07-12,16:08:36.094,9.26704274
2015-07-12,16:08:37.106,9.26726571
2015-07-12,16:08:38.096,9.26749595
2015-07-12,16:08:39.123,9.26773157
2015-07-12,16:08:40.166,9.26794748
2015-07-12,16:08:41.158,9.26817132
2015-07-12,16:08:42.127,9.26839078
2015-07-12,16:08:43.080,9.26859426
2015-07-12,16:08:44.120,9.26879878
2015-07-12,16:08:45.083,9.26898264
2015-07-12,16:08:46.078,9.26910701
2015-07-12,16:08:47.086,9.2692414
2015-07-12,16:08:48.092,9.26939822
2015-07-12,16:08:49.102,9.26956896
2015-07-12,16:08:50.089,9.26975002
2015-07-12,16:08:51.097,9.26991134
2015-07-12,16:08:52.091,9.27011143
2015-07-12,16:08:53.083,9.2703181
2015-07-12,16:08:54.091,9.27052665
2015-07-12,16:08:55.081,9.2707397
2015-07-12,16:08:56.086,9.27093164
2015-07-12,16:08:57.078,9.27113521
2015-07-12,16:08:58.092,9.27133624
2015-07-12,16:08:59.081,9.27154175
2015-07-12,16:09:00.089,9.27174545
2015-07-12,16:09:01.105,9.27197033
2015-07-12,16:09:02.089,9.27218261
2015-07-12,16:09:03.108,9.27239251
2015-07-12,16:09:04.081,9.27260424
2015-07-12,16:09:05.101,9.27282601
2015-07-12,16:09:06.078,9.27304252
2015-07-12,16:09:07.101,9.27326376
2015-07-12,16:09:08.081,9.27348253
2015-07-12,16:09:09.102,9.2737026
2015-07-12,16:09:10.089,9.27392804
2015-07-12,16:09:11.104,9.27414786
2015-07-12,16:09:12.089,9.27438076
2015-07-12,16:09:13.099,9.27460802
2015-07-12,16:09:14.239,9.27482822
2015-07-12,16:09:16.081,9.27520685
2015-07-12,16:09:17.111,9.27538108
2015-07-12,16:09:18.078,9.27554083
2015-07-12,16:09:19.079,9.27566684
2015-07-12,16:09:20.079,9.2757505
2015-07-12,16:09:21.080,9.27584255
2015-07-12,16:09:22.078,9.2759189
2015-07-12,16:09:23.136,9.27598658
2015-07-12,16:09:24.085,9.27606333
2015-07-12,16:09:25.079,9.27607737
2015-07-12,16:09:26.102,9.27609858
2015-07-12,16:09:27.147,9.27610154
2015-07-12,16:09:28.078,9.27612085
2015-07-12,16:09:29.152,9.27612873
2015-07-12,16:09:30.140,9.27613039
2015-07-12,16:09:31.134,9.27613013
2015-07-12,16:09:32.096,9.27612796
2015-07-12,16:09:33.098,9.27614343
2015-07-12,16:09:34.124,9.27616195
2015-07-12,16:09:35.092,9.2762013
2015-07-12,16:09:36.107,9.27624424
2015-07-12,16:09:37.132,9.27629853
2015-07-12,16:09:38.080,9.27642114
2015-07-12,16:09:39.104,9.27652189
2015-07-12,16:09:40.127,9.27663466
2015-07-12,16:09:41.093,9.27675543
2015-07-12,16:09:42.118,9.27688784
2015-07-12,16:09:43.084,9.27701817
2015-07-12,16:09:44.108,9.27714763
2015-07-12,16:09:45.082,9.27725853
2015-07-12,16:09:46.085,9.27736847
2015-07-12,16:09:47.125,9.27748485
2015-07-12,16:09:48.123,9.27760347
2015-07-12,16:09:49.090,9.27788644
2015-07-12,16:09:50.114,9.27812417
2015-07-12,16:09:51.154,9.27832943
2015-07-12,16:09:52.110,9.27858346
2015-07-12,16:09:53.113,9.27881463
2015-07-12,16:09:54.094,9.2790606
2015-07-12,16:09:55.114,9.2792973
2015-07-12,16:09:56.106,9.27952581
2015-07-12,16:09:57.104,9.27975116
2015-07-12,16:09:58.085,9.27997461
2015-07-12,16:09:59.086,9.28019261
2015-07-12,16:10:00.079,9.28041343
2015-07-12,16:10:01.115,9.28062748
2015-07-12,16:10:02.080,9.28091798
2015-07-12,16:10:03.114,9.28126242
2015-07-12,16:10:04.139,9.2815184
2015-07-12,16:10:05.106,9.28176838
2015-07-12,16:10:06.092,9.28202683
2015-07-12,16:10:07.142,9.28229818
2015-07-12,16:10:08.080,9.28255474
2015-07-12,16:10:09.123,9.28276947
2015-07-12,16:10:10.094,9.28300992
2015-07-12,16:10:11.102,9.28326425
2015-07-12,16:10:12.097,9.28355701
2015-07-12,16:10:13.131,9.28381948
2015-07-12,16:10:14.140,9.28405744
2015-07-12,16:10:15.077,9.28439717
2015-07-12,16:10:16.080,9.28467217
2015-07-12,16:10:17.078,9.28493638
2015-07-12,16:10:18.109,9.28520162
2015-07-12,16:10:19.078,9.28544724
2015-07-12,16:10:20.135,9.28571447
2015-07-12,16:10:21.092,9.28596775
2015-07-12,16:10:22.096,9.28622819
2015-07-12,16:10:23.078,9.28641488
2015-07-12,16:10:24.087,9.28650058
2015-07-12,16:10:25.078,9.28671225
2015-07-12,16:10:26.144,9.2869045
2015-07-12,16:10:27.097,9.2870742
2015-07-12,16:10:28.099,9.28718813
2015-07-12,16:10:29.112,9.28727882
2015-07-12,16:10:30.111,9.28736087
2015-07-12,16:10:31.088,9.28747401
2015-07-12,16:10:32.122,9.28758821
2015-07-12,16:10:33.116,9.28770342
2015-07-12,16:10:34.094,9.287759
2015-07-12,16:10:35.114,9.28784144
2015-07-12,16:10:36.107,9.28795745
2015-07-12,16:10:37.091,9.28809572
2015-07-12,16:10:38.077,9.28821223
2015-07-12,16:10:39.087,9.28834751
2015-07-12,16:10:40.078,9.28849197
2015-07-12,16:10:41.084,9.28862355
2015-07-12,16:10:42.077,9.2887336
2015-07-12,16:10:43.081,9.28890662
2015-07-12,16:10:44.078,9.28903397
2015-07-12,16:10:45.078,9.28915165
2015-07-12,16:10:46.077,9.28928773
2015-07-12,16:10:47.078,9.28943228
2015-07-12,16:10:48.077,9.28958412
2015-07-12,16:10:49.128,9.28973026
2015-07-12,16:10:50.094,9.28986917
2015-07-12,16:10:51.077,9.29008174
2015-07-12,16:10:52.077,9.29025179
2015-07-12,16:10:53.096,9.29054725
2015-07-12,16:10:54.077,9.2907728
2015-07-12,16:10:55.105,9.29099602
2015-07-12,16:10:56.077,9.29120184
2015-07-12,16:10:57.077,9.29144529
2015-07-12,16:10:58.137,9.29171423
2015-07-12,16:10:59.082,9.29193352
2015-07-12,16:11:00.078,9.29215338
2015-07-12,16:11:01.077,9.29237896
2015-07-12,16:11:02.078,9.2925914
2015-07-12,16:11:03.099,9.29281448
2015-07-12,16:11:04.089,9.29303539
2015-07-12,16:11:05.088,9.2932376
2015-07-12,16:11:06.148,9.29343849
2015-07-12,16:11:07.112,9.29362271
2015-07-12,16:11:08.092,9.29371023
2015-07-12,16:11:09.083,9.29387729
2015-07-12,16:11:10.158,9.29402878
2015-07-12,16:11:12.077,9.29436027
2015-07-12,16:11:13.101,9.29452939
2015-07-12,16:11:14.133,9.29469722
2015-07-12,16:11:15.089,9.29486554
2015-07-12,16:11:16.087,9.29501979
2015-07-12,16:11:17.100,9.2951909
2015-07-12,16:11:18.085,9.29535981
2015-07-12,16:11:19.112,9.29552351
2015-07-12,16:11:20.535,9.29568677
2015-07-12,16:11:21.077,9.29585232
2015-07-12,16:11:22.106,9.2960418
2015-07-12,16:11:23.077,9.29631809
2015-07-12,16:11:24.092,9.29652682
2015-07-12,16:11:25.098,9.29672655
2015-07-12,16:11:26.077,9.29691708
2015-07-12,16:11:27.077,9.2971503
2015-07-12,16:11:28.085,9.29734607
2015-07-12,16:11:29.112,9.29754228
2015-07-12,16:11:30.083,9.29774353
2015-07-12,16:11:31.077,9.29788629
2015-07-12,16:11:32.117,9.29806284
2015-07-12,16:11:33.093,9.29821032
2015-07-12,16:11:34.115,9.29830861
2015-07-12,16:11:35.083,9.29845644
2015-07-12,16:11:36.077,9.29855835
2015-07-12,16:11:37.077,9.29860252
2015-07-12,16:11:38.079,9.2986903
2015-07-12,16:11:39.077,9.29874646
2015-07-12,16:11:40.117,9.29864677
2015-07-12,16:11:41.104,9.29858969
2015-07-12,16:11:42.092,9.29859768
2015-07-12,16:11:43.131,9.2985951
2015-07-12,16:11:44.097,9.29860874
2015-07-12,16:11:45.080,9.29860819
2015-07-12,16:11:46.078,9.29860983
2015-07-12,16:11:47.095,9.29862033
2015-07-12,16:11:48.085,9.29862195
2015-07-12,16:11:49.139,9.2986243
2015-07-12,16:11:50.101,9.29862473
2015-07-12,16:11:51.090,9.29862678
2015-07-12,16:11:52.077,9.29862412
2015-07-12,16:11:53.085,9.29862234
2015-07-12,16:11:54.077,9.29861918
2015-07-12,16:11:55.194,9.29862196
2015-07-12,16:11:56.094,9.29862164
2015-07-12,16:11:57.094,9.29862064
2015-07-12,16:11:58.077,9.2986217
2015-07-12,16:11:59.093,9.29862154
2015-07-12,16:12:00.124,9.29862208
2015-07-12,16:12:01.120,9.29862021
2015-07-12,16:12:02.156,9.29862009
2015-07-12,16:12:03.077,9.29861859
2015-07-12,16:12:04.077,9.2986156
2015-07-12,16:12:05.084,9.29861512
2015-07-12,16:12:06.097,9.29861581
2015-07-12,16:12:07.082,9.29861581
2015-07-12,16:12:08.077,9.29861581
2015-07-12,16:12:09.084,9.29861613
2015-07-12,16:12:10.077,9.29861579
2015-07-12,16:12:11.093,9.29861579
2015-07-12,16:12:12.077,9.29861556
2015-07-12,16:12:13.096,9.29861528
2015-07-12,16:12:14.077,9.29861558
2015-07-12,16:12:15.117,9.29863652
2015-07-12,16:12:16.076,9.29863646
2015-07-12,16:12:17.093,9.29864719
2015-07-12,16:12:18.076,9.29870861
2015-07-12,16:12:19.077,9.29901582
2015-07-12,16:12:20.106,9.29924585
2015-07-12,16:12:21.077,9.29946727
2015-07-12,16:12:22.111,9.29960032
2015-07-12,16:12:23.081,9.29976189
2015-07-12,16:12:24.104,9.29992969
2015-07-12,16:12:25.084,9.30005362
2015-07-12,16:12:26.110,9.30017427
2015-07-12,16:12:27.076,9.30029419
2015-07-12,16:12:28.098,9.30060769
2015-07-12,16:12:29.077,9.30078168
2015-07-12,16:12:30.088,9.30095485
2015-07-12,16:12:31.089,9.3012117
2015-07-12,16:12:32.115,9.30139983
2015-07-12,16:12:33.081,9.30157579
2015-07-12,16:12:34.092,9.30189488
2015-07-12,16:12:35.085,9.30215675
2015-07-12,16:12:36.107,9.30243325
2015-07-12,16:12:37.076,9.30268131
2015-07-12,16:12:38.078,9.30296516
2015-07-12,16:12:39.086,9.30322492
2015-07-12,16:12:40.138,9.30351035
2015-07-12,16:12:41.102,9.30375587
2015-07-12,16:12:42.083,9.30400957
2015-07-12,16:12:43.091,9.30428469
2015-07-12,16:12:44.078,9.30455284
2015-07-12,16:12:45.110,9.30485359
2015-07-12,16:12:46.099,9.30510771
2015-07-12,16:12:47.155,9.30540026
2015-07-12,16:12:48.081,9.30572324
2015-07-12,16:12:49.076,9.30602764
2015-07-12,16:12:50.076,9.30631827
2015-07-12,16:12:51.076,9.30663098
2015-07-12,16:12:52.076,9.30689769
2015-07-12,16:12:53.076,9.30716554
2015-07-12,16:12:54.076,9.30743163
2015-07-12,16:12:55.076,9.307716
2015-07-12,16:12:56.076,9.30800543
2015-07-12,16:12:57.076,9.30827336
2015-07-12,16:12:58.076,9.30853745
2015-07-12,16:12:59.076,9.30881186
2015-07-12,16:13:00.079,9.30909576
2015-07-12,16:13:01.076,9.30939241
2015-07-12,16:13:02.129,9.30967622
2015-07-12,16:13:03.076,9.30995609
2015-07-12,16:13:04.208,9.31025209
2015-07-12,16:13:06.076,9.31084391
2015-07-12,16:13:07.076,9.31114718
2015-07-12,16:13:08.084,9.31146134
2015-07-12,16:13:09.107,9.3117702
2015-07-12,16:13:10.089,9.31206959
2015-07-12,16:13:11.076,9.31237097
2015-07-12,16:13:12.150,9.31266233
2015-07-12,16:13:13.085,9.31297428
2015-07-12,16:13:14.109,9.31329821
2015-07-12,16:13:15.113,9.31361941
2015-07-12,16:13:16.113,9.31392891
2015-07-12,16:13:17.102,9.3142238
2015-07-12,16:13:18.182,9.31453213
2015-07-12,16:13:19.142,9.3148505
2015-07-12,16:13:20.196,9.31517685
2015-07-12,16:13:21.098,9.31548349
2015-07-12,16:13:22.143,9.31578161
2015-07-12,16:13:22.960,9.3160755
2015-07-12,16:13:23.992,9.31645637
2015-07-12,16:13:24.998,9.31666851
2015-07-12,16:13:25.998,9.31691445
2015-07-12,16:13:26.986,9.31715782
2015-07-12,16:13:28.017,9.31744094
2015-07-12,16:13:29.025,9.31772395
2015-07-12,16:13:29.989,9.31799609
2015-07-12,16:13:30.972,9.31818747
2015-07-12,16:13:31.959,9.31807638
2015-07-12,16:13:32.996,9.31825643
2015-07-12,16:13:33.993,9.31837939
2015-07-12,16:13:34.983,9.31844551
2015-07-12,16:13:36.014,9.31852698
2015-07-12,16:13:37.056,9.31860498
2015-07-12,16:13:38.028,9.31872546
2015-07-12,16:13:39.145,9.31884183
2015-07-12,16:13:40.080,9.31876338
2015-07-12,16:13:40.975,9.3187838
2015-07-12,16:13:42.050,9.31879553
2015-07-12,16:13:43.063,9.31877713
2015-07-12,16:13:44.078,9.3187117
2015-07-12,16:13:45.016,9.31866724
2015-07-12,16:13:45.990,9.31862097
2015-07-12,16:13:47.040,9.31859265
2015-07-12,16:13:48.002,9.3186361
2015-07-12,16:13:49.006,9.31867485
2015-07-12,16:13:49.970,9.31874903
2015-07-12,16:13:50.975,9.31880333
2015-07-12,16:13:51.987,9.31886493
2015-07-12,16:13:53.016,9.31904836
2015-07-12,16:13:53.982,9.31916703
2015-07-12,16:13:54.990,9.31931565
2015-07-12,16:13:55.983,9.31946905
2015-07-12,16:13:56.958,9.31962162
2015-07-12,16:13:57.965,9.31977703
2015-07-12,16:13:59.011,9.31993336
2015-07-12,16:13:59.993,9.32008746
2015-07-12,16:14:00.988,9.3202376
2015-07-12,16:14:01.974,9.32039022
2015-07-12,16:14:03.022,9.32055837
2015-07-12,16:14:03.982,9.32072821
2015-07-12,16:14:05.010,9.32089492
2015-07-12,16:14:05.965,9.32106551
2015-07-12,16:14:06.982,9.32122212
2015-07-12,16:14:07.983,9.32139186
2015-07-12,16:14:09.019,9.32158309
2015-07-12,16:14:09.960,9.32173817
2015-07-12,16:14:10.994,9.32190568
2015-07-12,16:14:11.978,9.32208972
2015-07-12,16:14:12.995,9.32225777
2015-07-12,16:14:13.958,9.32241667
2015-07-12,16:14:14.985,9.32254898
2015-07-12,16:14:15.992,9.3226711
2015-07-12,16:14:16.989,9.32274694
2015-07-12,16:14:17.983,9.32282139
2015-07-12,16:14:18.974,9.32286954
2015-07-12,16:14:19.992,9.3229167
2015-07-12,16:14:20.980,9.32297417
2015-07-12,16:14:21.990,9.32305747
2015-07-12,16:14:22.999,9.32315119
2015-07-12,16:14:23.961,9.3232208
2015-07-12,16:14:24.995,9.32326371
2015-07-12,16:14:25.994,9.3232802
2015-07-12,16:14:26.996,9.32329105
2015-07-12,16:14:27.987,9.32330076
2015-07-12,16:14:29.001,9.32327696
2015-07-12,16:14:29.992,9.32328175
2015-07-12,16:14:30.964,9.32330671
2015-07-12,16:14:31.966,9.32332504
2015-07-12,16:14:32.968,9.32333581
2015-07-12,16:14:34.001,9.32334712
2015-07-12,16:14:34.981,9.32335435
2015-07-12,16:14:35.989,9.32336995
2015-07-12,16:14:36.962,9.32338759
2015-07-12,16:14:37.991,9.32340563
2015-07-12,16:14:39.006,9.32341931
2015-07-12,16:14:39.976,9.3234336
2015-07-12,16:14:40.977,9.32344077
2015-07-12,16:14:41.989,9.32345757
2015-07-12,16:14:43.003,9.32345534
2015-07-12,16:14:43.982,9.32347776
2015-07-12,16:14:44.999,9.32352043
2015-07-12,16:14:45.968,9.32356957
2015-07-12,16:14:46.959,9.3235997
2015-07-12,16:14:47.950,9.32359393
2015-07-12,16:14:48.959,9.32358058
2015-07-12,16:14:49.960,9.32360325
2015-07-12,16:14:50.958,9.32362679
2015-07-12,16:14:51.963,9.32366947
2015-07-12,16:14:52.993,9.32370573
2015-07-12,16:14:53.965,9.32373193
2015-07-12,16:14:54.973,9.32375309
2015-07-12,16:14:55.972,9.32377266
2015-07-12,16:14:56.984,9.32377872
2015-07-12,16:14:57.971,9.32379395
2015-07-12,16:14:59.011,9.32383033
2015-07-12,16:14:59.979,9.32387346
2015-07-12,16:15:00.977,9.3239794
2015-07-12,16:15:01.965,9.32406405
2015-07-12,16:15:02.959,9.32415007
2015-07-12,16:15:03.975,9.32422589
2015-07-12,16:15:04.958,9.32429431
2015-07-12,16:15:05.965,9.32435055
2015-07-12,16:15:06.978,9.32438202
2015-07-12,16:15:07.985,9.32439652
2015-07-12,16:15:08.971,9.32440398
2015-07-12,16:15:09.968,9.32440787
2015-07-12,16:15:10.986,9.32441279
2015-07-12,16:15:11.992,9.32442286
2015-07-12,16:15:12.981,9.32442957
2015-07-12,16:15:13.984,9.32444175
2015-07-12,16:15:14.976,9.32444493
2015-07-12,16:15:16.006,9.32444491
2015-07-12,16:15:16.976,9.3244443
2015-07-12,16:15:17.975,9.32444607
2015-07-12,16:15:18.976,9.32445312
2015-07-12,16:15:19.969,9.32447425
2015-07-12,16:15:20.971,9.32450125
2015-07-12,16:15:22.003,9.32452655
2015-07-12,16:15:22.966,9.32455045
2015-07-12,16:15:23.976,9.32455927
2015-07-12,16:15:24.976,9.32454363
2015-07-12,16:15:25.995,9.32453714
2015-07-12,16:15:26.966,9.32453128
2015-07-12,16:15:27.967,9.32452836
2015-07-12,16:15:28.972,9.32452685
2015-07-12,16:15:29.978,9.32452608
2015-07-12,16:15:30.950,9.32452563
2015-07-12,16:15:31.973,9.32452536
2015-07-12,16:15:33.003,9.32452522
2015-07-12,16:15:34.010,9.32452503
2015-07-12,16:15:34.967,9.32452464
2015-07-12,16:15:35.984,9.32452435
2015-07-12,16:15:37.012,9.32452418
2015-07-12,16:15:37.970,9.32452409
2015-07-12,16:15:38.961,9.324524
2015-07-12,16:15:40.007,9.32452394
2015-07-12,16:15:40.968,9.32452386
2015-07-12,16:15:41.979,9.32452375
2015-07-12,16:15:42.999,9.32452372
2015-07-12,16:15:43.960,9.32452372
2015-07-12,16:15:44.986,9.32452786
2015-07-12,16:15:46.001,9.3245285
2015-07-12,16:15:46.968,9.32452961
2015-07-12,16:15:47.973,9.32453867
2015-07-12,16:15:49.028,9.32460795
2015-07-12,16:15:49.957,9.32468818
2015-07-12,16:15:50.986,9.32474178
2015-07-12,16:15:51.956,9.32479656
2015-07-12,16:15:52.992,9.32488917
2015-07-12,16:15:53.996,9.32496442
2015-07-12,16:15:54.968,9.32510857
2015-07-12,16:15:55.950,9.32520766
2015-07-12,16:15:56.950,9.32524623
2015-07-12,16:15:57.950,9.32526525
2015-07-12,16:15:58.949,9.32533386
2015-07-12,16:15:59.958,9.32536526
2015-07-12,16:16:00.986,9.3252584
2015-07-12,16:16:01.950,9.32523773
