2015-07-12,15:43:28.494,32.35487607426069
2015-07-12,15:43:29.566,30.915123786667777
2015-07-12,15:43:30.683,17.619211596566174
2015-07-12,15:43:31.805,27.605594687870905
2015-07-12,15:43:32.923,28.95381109730232
2015-07-12,15:43:33.998,31.922883791506308
2015-07-12,15:43:35.075,28.447423584907995
2015-07-12,15:43:36.193,31.964283257229
2015-07-12,15:43:37.264,32.43338357572753
2015-07-12,15:43:38.386,31.656216505748375
2015-07-12,15:43:39.507,30.83832490637758
2015-07-12,15:43:40.583,40.39952386797432
2015-07-12,15:43:41.710,33.55294535292171
2015-07-12,15:43:42.773,35.81643650219468
2015-07-12,15:43:43.894,28.61292756852845
2015-07-12,15:43:44.967,33.45714127664314
2015-07-12,15:43:46.140,24.706144542821903
2015-07-12,15:43:47.210,38.26585518070061
2015-07-12,15:43:48.282,39.67851247541688
2015-07-12,15:43:49.403,32.56758469783625
2015-07-12,15:43:50.475,33.139872334615404
2015-07-12,15:43:51.600,34.386320705176274
2015-07-12,15:43:52.669,33.18437812373662
2015-07-12,15:43:53.790,33.7667431343952
2015-07-12,15:43:54.912,33.91943274412495
2015-07-12,15:43:55.984,33.24227622000609
2015-07-12,15:43:57.105,32.84890989319007
2015-07-12,15:43:58.178,24.162225421197263
2015-07-12,15:43:59.299,33.63758146872834
2015-07-12,15:44:00.436,33.44370931979546
2015-07-12,15:44:01.188,32.95216416136594
2015-07-12,15:44:02.321,32.938585958751275
2015-07-12,15:44:03.381,34.16347056320694
2015-07-12,15:44:04.503,34.15001412387528
2015-07-12,15:44:05.648,44.34764517026741
2015-07-12,15:44:06.696,34.20758172890589
2015-07-12,15:44:07.775,34.05206586208152
2015-07-12,15:44:08.893,33.68254154129505
2015-07-12,15:44:10.011,35.92757860320239
2015-07-12,15:44:11.147,28.689109436022648
2015-07-12,15:44:12.986,37.42960691495426
2015-07-12,15:44:14.057,34.484792060300435
2015-07-12,15:44:15.183,35.504604830932635
2015-07-12,15:44:16.296,34.858504665361124
2015-07-12,15:44:17.435,35.103499852613254
2015-07-12,15:44:18.493,35.244123925420695
2015-07-12,15:44:19.562,34.64362778133045
2015-07-12,15:44:20.686,35.94128281554134
2015-07-12,15:44:21.756,35.43836886185517
2015-07-12,15:44:22.877,34.06044613472477
2015-07-12,15:44:23.998,34.391493725540045
2015-07-12,15:44:25.075,34.91984674286397
2015-07-12,15:44:26.193,35.0606835354921
2015-07-12,15:44:27.266,34.90661429936051
2015-07-12,15:44:28.386,35.33879654687945
2015-07-12,15:44:29.474,35.27882091194732
2015-07-12,15:44:30.580,36.07157892779418
2015-07-12,15:44:31.701,34.480016613215696
2015-07-12,15:44:32.773,34.2883174998326
2015-07-12,15:44:33.895,37.26952208353936
2015-07-12,15:44:34.987,35.58991062327868
2015-07-12,15:44:36.088,36.436620360756535
2015-07-12,15:44:37.161,34.615716207469745
2015-07-12,15:44:38.282,43.92852939899592
2015-07-12,15:44:39.404,35.58563013225523
2015-07-12,15:44:40.476,32.78416489222343
2015-07-12,15:44:41.597,40.83372304942071
2015-07-12,15:44:42.670,35.7022583764861
2015-07-12,15:44:43.828,32.72789761257502
2015-07-12,15:44:44.939,35.506775152415344
2015-07-12,15:44:46.038,37.97226728519911
2015-07-12,15:44:47.143,32.34083988913375
2015-07-12,15:44:48.214,37.84890732187921
2015-07-12,15:44:49.336,39.51252138699101
2015-07-12,15:44:50.408,34.23548806869576
2015-07-12,15:44:51.530,35.140012286922854
2015-07-12,15:44:52.651,34.2883174998326
2015-07-12,15:44:53.723,30.90847519303657
2015-07-12,15:44:54.844,35.150340750323835
2015-07-12,15:44:55.917,35.173762640656605
2015-07-12,15:44:57.040,37.7506557356412
2015-07-12,15:44:58.173,33.99399406292008
2015-07-12,15:44:59.232,31.554371065551095
2015-07-12,15:45:00.353,32.62663184993016
2015-07-12,15:45:01.426,34.31680287080064
2015-07-12,15:45:02.547,33.47382208011277
2015-07-12,15:45:03.619,35.03315262450599
2015-07-12,15:45:04.741,32.239369796157234
2015-07-12,15:45:05.862,32.20197427703897
2015-07-12,15:45:06.934,32.89837916509737
2015-07-12,15:45:08.073,33.98038472823316
2015-07-12,15:45:09.132,33.52939738324716
2015-07-12,15:45:10.250,32.51222890555863
2015-07-12,15:45:11.371,31.94499010680016
2015-07-12,15:45:12.443,33.13238552008198
2015-07-12,15:45:13.564,33.01294109027623
2015-07-12,15:45:14.637,32.640570489175104
2015-07-12,15:45:15.758,33.619425648039794
2015-07-12,15:45:16.831,33.39220301917095
2015-07-12,15:45:17.952,32.60337818903844
2015-07-12,15:45:19.076,31.881023927004605
2015-07-12,15:45:20.148,33.45049492172262
2015-07-12,15:45:21.266,30.51675660792722
2015-07-12,15:45:22.393,30.956486975311805
2015-07-12,15:45:23.460,32.70773958408233
2015-07-12,15:45:24.549,32.93400708332911
2015-07-12,15:45:25.655,32.9100903949398
2015-07-12,15:45:26.800,41.129087784359854
2015-07-12,15:45:28.118,37.19059265315627
2015-07-12,15:45:28.969,33.09894759172562
2015-07-12,15:45:39.596,34.137200238993444
2015-07-12,15:45:40.719,32.901127685023994
2015-07-12,15:45:41.790,32.133095476220774
2015-07-12,15:45:42.956,32.45674973036273
2015-07-12,15:45:44.006,32.40871085527715
2015-07-12,15:45:45.105,32.53971934993035
2015-07-12,15:45:46.178,32.55068137573994
2015-07-12,15:45:47.299,32.214278187181435
2015-07-12,15:45:48.372,32.92082324082952
2015-07-12,15:45:49.656,32.561652423160126
2015-07-12,15:45:50.703,32.14004601219676
2015-07-12,15:45:51.686,31.995448318031663
2015-07-12,15:45:52.807,32.17517779927931
2015-07-12,15:45:53.880,31.982410545862308
2015-07-12,15:45:55.001,33.239940256663715
2015-07-12,15:45:56.122,31.727899727951012
2015-07-12,15:45:57.197,31.835686554624655
2015-07-12,15:45:58.322,30.816365397379514
2015-07-12,15:45:59.389,31.96748356971858
2015-07-12,15:46:00.563,32.400707794360585
2015-07-12,15:46:01.582,31.87096494578327
2015-07-12,15:46:02.752,32.33969875347208
2015-07-12,15:46:03.776,31.55483288315884
2015-07-12,15:46:04.897,31.336690177854507
2015-07-12,15:46:06.018,31.05640475927169
2015-07-12,15:46:07.303,32.000885710248326
2015-07-12,15:46:08.212,32.39697772879583
2015-07-12,15:46:09.301,32.612879981568824
2015-07-12,15:46:10.406,33.186433738873916
2015-07-12,15:46:11.613,34.02809191672935
2015-07-12,15:46:12.694,32.395180531633855
2015-07-12,15:46:13.734,32.94599847333234
2015-07-12,15:46:14.797,32.26215220151187
2015-07-12,15:46:15.915,32.40630387531718
2015-07-12,15:46:17.017,32.05673612296789
2015-07-12,15:46:18.108,31.245790975965292
2015-07-12,15:46:19.181,30.685902564075036
2015-07-12,15:46:20.402,31.93455171660446
2015-07-12,15:46:21.424,33.91701773771257
2015-07-12,15:46:22.718,33.19204176817959
2015-07-12,15:46:23.617,33.69112869879922
2015-07-12,15:46:24.729,30.304599252145977
2015-07-12,15:46:25.811,30.963883929165547
2015-07-12,15:46:26.883,32.90409140173182
2015-07-12,15:46:28.045,33.66567930874089
2015-07-12,15:46:29.530,31.56904637345036
2015-07-12,15:46:30.722,32.96296688555111
2015-07-12,15:46:31.320,33.521623810685924
2015-07-12,15:46:32.392,32.111239176392814
2015-07-12,15:46:33.810,33.17596366007621
2015-07-12,15:46:35.212,33.342578959258276
2015-07-12,15:46:35.707,31.651442802492113
2015-07-12,15:46:36.828,32.12099756741833
2015-07-12,15:46:37.900,32.04878520646008
2015-07-12,15:46:39.240,33.37585920505177
2015-07-12,15:46:40.623,32.9948066876741
2015-07-12,15:46:41.780,31.238271100327893
2015-07-12,15:46:42.292,31.649997238439312
2015-07-12,15:46:43.409,32.43185290762
2015-07-12,15:46:44.562,30.652880623614298
2015-07-12,15:46:45.603,35.89800251608892
2015-07-12,15:46:46.724,31.02978164952151
2015-07-12,15:46:47.801,32.22563505114465
2015-07-12,15:46:48.918,32.0445578515849
2015-07-12,15:46:50.071,34.18887221542985
2015-07-12,15:46:51.112,34.38836918768192
2015-07-12,15:46:52.190,32.57282508739337
2015-07-12,15:46:53.340,34.31773774380355
2015-07-12,15:46:54.427,33.632490208574154
2015-07-12,15:46:55.580,33.335024228549855
2015-07-12,15:46:56.620,32.259656763111934
2015-07-12,15:46:57.695,32.667216879374394
2015-07-12,15:46:58.814,31.982402944150067
2015-07-12,15:46:59.891,32.63065417226278
2015-07-12,15:47:01.079,33.04799266359305
2015-07-12,15:47:02.129,32.59409316932505
2015-07-12,15:47:03.204,32.24572765378224
2015-07-12,15:47:04.323,33.01157191583377
2015-07-12,15:47:05.399,33.94851022550711
2015-07-12,15:47:06.533,33.35608356634327
2015-07-12,15:47:07.592,34.74884726394629
2015-07-12,15:47:08.716,33.50978293713786
2015-07-12,15:47:09.832,33.224651295037006
2015-07-12,15:47:10.908,32.67595346436178
2015-07-12,15:47:12.061,33.09307602017611
2015-07-12,15:47:13.102,33.37855490444724
2015-07-12,15:47:14.219,33.84014743293699
2015-07-12,15:47:15.294,33.128185295543744
2015-07-12,15:47:16.468,32.0384167843676
2015-07-12,15:47:17.557,32.948830711040785
2015-07-12,15:47:18.609,33.31730000714117
2015-07-12,15:47:19.728,33.61337226745036
2015-07-12,15:47:20.805,33.37610814679192
2015-07-12,15:47:21.931,31.518190057917707
2015-07-12,15:47:23.050,30.972189280406155
2015-07-12,15:47:24.118,32.743087112979026
2015-07-12,15:47:25.191,33.89502574218943
2015-07-12,15:47:26.311,31.770299171487636
2015-07-12,15:47:27.430,34.917346931069915
2015-07-12,15:47:28.578,34.52996122119225
2015-07-12,15:47:29.628,33.99965172559246
2015-07-12,15:47:30.699,33.88495521505723
2015-07-12,15:47:31.824,34.321940073926555
2015-07-12,15:47:32.894,25.56922101237211
2015-07-12,15:47:34.109,33.51516254296598
2015-07-12,15:47:35.134,35.11545821747927
2015-07-12,15:47:36.205,35.92136601260478
2015-07-12,15:47:37.326,33.80279509436264
2015-07-12,15:47:38.399,33.74424711804056
2015-07-12,15:47:39.520,35.597685970940915
2015-07-12,15:47:40.695,34.48787226429528
2015-07-12,15:47:41.713,34.95689177917973
2015-07-12,15:47:42.835,34.09998575233067
2015-07-12,15:47:43.907,26.880802608974307
2015-07-12,15:47:45.028,42.16328521925624
2015-07-12,15:47:46.117,33.95352424795709
2015-07-12,15:47:47.222,32.27459724735746
2015-07-12,15:47:48.343,32.9320121347302
2015-07-12,15:47:49.416,34.2579027691051
2015-07-12,15:47:50.537,38.449909070118736
2015-07-12,15:47:51.625,35.38193037864204
2015-07-12,15:47:52.731,34.57472678533196
2015-07-12,15:47:53.852,35.67447112379443
2015-07-12,15:47:54.925,34.33070929513593
2015-07-12,15:47:56.046,24.861168519720536
2015-07-12,15:47:57.144,33.073093051499086
2015-07-12,15:47:58.239,35.48501796515575
2015-07-12,15:47:59.312,36.82830615115091
2015-07-12,15:48:00.433,36.207410465396265
2015-07-12,15:48:01.554,37.516650098406274
2015-07-12,15:48:02.645,31.80599735344225
2015-07-12,15:48:03.748,27.810286240120035
2015-07-12,15:48:04.821,36.64563494369031
2015-07-12,15:48:05.945,35.09210114747816
2015-07-12,15:48:07.014,33.02837453162351
2015-07-12,15:48:08.149,33.55960393400892
2015-07-12,15:48:09.257,35.045371365840765
2015-07-12,15:48:10.329,32.05837041001354
2015-07-12,15:48:11.456,24.550851295313635
2015-07-12,15:48:12.523,33.32234756437737
2015-07-12,15:48:13.664,34.86614067818084
2015-07-12,15:48:14.766,38.23921866475297
2015-07-12,15:48:15.845,35.40199128932625
2015-07-12,15:48:16.964,33.29687309736971
2015-07-12,15:48:18.032,34.26626932357772
2015-07-12,15:48:19.176,34.1834284609165
2015-07-12,15:48:20.229,34.24186162860076
2015-07-12,15:48:21.347,33.497391031046504
2015-07-12,15:48:22.421,33.48516152863027
2015-07-12,15:48:23.541,33.745611951676665
2015-07-12,15:48:24.680,34.97936257360453
2015-07-12,15:48:25.738,34.62824049056769
2015-07-12,15:48:26.855,33.10447018451066
2015-07-12,15:48:27.932,35.03735005340212
2015-07-12,15:48:29.049,33.89809537442892
2015-07-12,15:48:30.188,40.05522204768948
2015-07-12,15:48:31.246,34.59266327818909
2015-07-12,15:48:32.364,38.719959018604015
2015-07-12,15:48:33.440,31.788183444515596
2015-07-12,15:48:34.560,36.0276657850614
2015-07-12,15:48:35.725,30.88028906856812
2015-07-12,15:48:36.751,33.57921929458814
2015-07-12,15:48:37.826,30.855976833757268
2015-07-12,15:48:38.949,34.7332950883781
2015-07-12,15:48:40.066,33.17582082832047
2015-07-12,15:48:41.216,34.52227634135272
2015-07-12,15:48:42.260,36.31501421243189
2015-07-12,15:48:43.335,34.24186162860076
2015-07-12,15:48:44.454,34.547402869628456
2015-07-12,15:48:45.529,34.46566872762594
2015-07-12,15:48:46.723,32.688992886556605
2015-07-12,15:48:47.769,31.908602201116366
2015-07-12,15:48:48.844,32.78310908856889
2015-07-12,15:48:49.964,33.59141867029541
2015-07-12,15:48:51.044,32.878531220006096
2015-07-12,15:48:52.162,34.64123603412338
2015-07-12,15:48:53.234,33.87521203836644
2015-07-12,15:48:54.353,29.8662786474834
2015-07-12,15:48:55.471,34.11036870375443
2015-07-12,15:48:56.547,33.15139637690464
2015-07-12,15:48:57.759,33.88594128495521
2015-07-12,15:48:58.740,33.47159620657834
2015-07-12,15:48:59.862,34.2038615154832
2015-07-12,15:49:00.933,34.80201555686074
2015-07-12,15:49:02.055,35.012433067055156
2015-07-12,15:49:03.189,31.75022355622133
2015-07-12,15:49:04.249,32.422805822284715
2015-07-12,15:49:05.370,33.73139332607133
2015-07-12,15:49:06.443,34.54358787958017
2015-07-12,15:49:07.564,35.64039440991144
2015-07-12,15:49:08.704,31.157918853892
2015-07-12,15:49:09.758,33.031295850386755
2015-07-12,15:49:10.878,33.96695652610413
2015-07-12,15:49:11.951,32.94770231341778
2015-07-12,15:49:13.073,33.647759777250656
2015-07-12,15:49:14.211,33.26852159838103
2015-07-12,15:49:15.266,31.423811639082142
2015-07-12,15:49:16.339,37.137761460868774
2015-07-12,15:49:17.461,33.742353882043346
2015-07-12,15:49:18.583,34.46053068627816
2015-07-12,15:49:19.736,36.090982138029915
2015-07-12,15:49:20.775,32.52937336162756
2015-07-12,15:49:21.847,33.52889628908878
2015-07-12,15:49:22.972,31.833565235112587
2015-07-12,15:49:24.041,34.99845365337052
2015-07-12,15:49:25.241,36.25193466902931
2015-07-12,15:49:26.283,32.445457193519985
2015-07-12,15:49:27.358,35.568711604569785
2015-07-12,15:49:28.477,36.12461623252983
2015-07-12,15:49:29.549,35.149840714144716
2015-07-12,15:49:30.746,38.53448894855484
2015-07-12,15:49:31.745,34.02562209331984
2015-07-12,15:49:32.864,34.88285730573102
2015-07-12,15:49:33.986,34.20145586037603
2015-07-12,15:49:35.059,32.25382970872363
2015-07-12,15:49:36.242,33.49313226372999
2015-07-12,15:49:37.252,34.30703537266868
2015-07-12,15:49:38.374,35.58002503072629
2015-07-12,15:49:39.492,31.7970054145959
2015-07-12,15:49:40.570,33.516388751514455
2015-07-12,15:49:41.756,34.63509568514564
2015-07-12,15:49:42.761,34.236022464916914
2015-07-12,15:49:43.882,32.731551830760054
2015-07-12,15:49:44.954,33.91781542168076
2015-07-12,15:49:46.077,31.664160308153157
2015-07-12,15:49:47.278,32.360916459419855
2015-07-12,15:49:48.270,33.05302170682546
2015-07-12,15:49:49.390,32.32487782156073
2015-07-12,15:49:50.466,35.32324759338246
2015-07-12,15:49:51.584,34.329233651425966
2015-07-12,15:49:52.719,32.51611119873718
2015-07-12,15:49:53.780,32.71922634721534
2015-07-12,15:49:54.899,32.87408987931951
2015-07-12,15:49:55.974,33.78715365759473
2015-07-12,15:49:57.093,34.2348745584859
2015-07-12,15:49:58.234,31.362134361568337
2015-07-12,15:49:59.292,33.444054885095966
2015-07-12,15:50:00.359,34.739026409667815
2015-07-12,15:50:01.481,34.30509192223167
2015-07-12,15:50:02.603,30.25642793009763
2015-07-12,15:50:03.751,34.85563309074212
2015-07-12,15:50:04.795,34.925723638427996
2015-07-12,15:50:05.868,35.05394642449619
2015-07-12,15:50:06.992,34.44570394196546
2015-07-12,15:50:08.108,35.68186391193575
2015-07-12,15:50:09.252,32.34830948581413
2015-07-12,15:50:10.304,33.751178140788056
2015-07-12,15:50:11.378,34.10484475708802
2015-07-12,15:50:12.499,34.70322315724013
2015-07-12,15:50:13.573,34.5392784663747
2015-07-12,15:50:14.784,36.07493500618614
2015-07-12,15:50:15.816,34.9136321205462
2015-07-12,15:50:16.887,35.29815416420763
2015-07-12,15:50:18.084,36.017011036747135
2015-07-12,15:50:19.076,33.715555069024504
2015-07-12,15:50:20.197,36.25922023950352
2015-07-12,15:50:21.319,33.97508185314069
2015-07-12,15:50:22.392,32.670928008672604
2015-07-12,15:50:23.513,34.90164151594797
2015-07-12,15:50:24.585,34.15160191444215
2015-07-12,15:50:25.706,33.467190102746486
2015-07-12,15:50:26.803,33.57366320921068
2015-07-12,15:50:27.900,33.57366320921068
2015-07-12,15:50:29.021,34.16331299968829
2015-07-12,15:50:30.094,33.37241571715691
2015-07-12,15:50:31.215,35.43722958443277
2015-07-12,15:50:32.295,35.28602527865496
2015-07-12,15:50:33.410,34.983127694681684
2015-07-12,15:50:34.530,34.76118084020425
2015-07-12,15:50:35.602,41.04798767894084
2015-07-12,15:50:36.724,32.455958880102
2015-07-12,15:50:37.819,33.82200751964814
2015-07-12,15:50:38.917,35.227918028694035
2015-07-12,15:50:39.990,33.86887926693828
2015-07-12,15:50:41.114,35.181347496288254
2015-07-12,15:50:42.184,35.51842883403128
2015-07-12,15:50:43.328,36.06245892540733
2015-07-12,15:50:44.426,35.48352670778513
2015-07-12,15:50:45.505,33.88065865249246
2015-07-12,15:50:46.620,32.67112535116871
2015-07-12,15:50:47.692,34.092654738571184
2015-07-12,15:50:48.824,38.26834672629087
2015-07-12,15:50:49.935,45.41952081536931
2015-07-12,15:50:51.007,29.411607099652883
2015-07-12,15:50:52.128,43.04510294335523
2015-07-12,15:50:53.201,33.9633623833227
2015-07-12,15:50:54.345,35.54233296713369
2015-07-12,15:50:55.397,34.89027423971527
2015-07-12,15:50:56.516,33.15905216198405
2015-07-12,15:50:57.593,32.57551427587754
2015-07-12,15:50:58.710,33.21848049977672
2015-07-12,15:50:59.854,34.31670523867325
2015-07-12,15:51:00.906,33.72774109730784
2015-07-12,15:51:02.024,33.28984370718695
2015-07-12,15:51:03.102,34.32858513073637
2015-07-12,15:51:04.218,33.999197957698186
2015-07-12,15:51:05.354,29.533658389059497
2015-07-12,15:51:06.416,36.83403270518198
2015-07-12,15:51:07.533,34.45756333705447
2015-07-12,15:51:08.609,33.01656020328858
2015-07-12,15:51:09.730,32.778414874705106
2015-07-12,15:51:10.880,32.50376473458107
2015-07-12,15:51:11.927,34.081008703948214
2015-07-12,15:51:12.995,35.484429429396926
2015-07-12,15:51:14.117,33.09971246320379
2015-07-12,15:51:15.236,34.140249691445376
2015-07-12,15:51:16.441,34.269710278435696
2015-07-12,15:51:17.535,32.51582262296313
2015-07-12,15:51:18.505,32.64726291583929
2015-07-12,15:51:19.623,32.312500611989435
2015-07-12,15:51:20.699,34.3639620804596
2015-07-12,15:51:21.871,31.96468135931474
2015-07-12,15:51:22.938,33.135604747709294
2015-07-12,15:51:24.013,33.5624465201131
2015-07-12,15:51:25.133,31.868509352509932
2015-07-12,15:51:26.430,31.98871040908284
2015-07-12,15:51:27.358,32.33657658392076
2015-07-12,15:51:28.403,33.40862786217656
2015-07-12,15:51:29.632,32.64741873607096
2015-07-12,15:51:30.729,32.384459129941206
2015-07-12,15:51:31.716,32.9573327236684
2015-07-12,15:51:32.847,32.21677337178977
2015-07-12,15:51:33.934,33.1120586749978
2015-07-12,15:51:35.040,32.671291142577445
2015-07-12,15:51:36.104,30.415065592272526
2015-07-12,15:51:37.225,31.651885620491218
2015-07-12,15:51:38.363,32.731046504789106
2015-07-12,15:51:39.424,32.70718677233003
2015-07-12,15:51:40.580,33.254578893572216
2015-07-12,15:51:41.612,31.410536772972534
2015-07-12,15:51:42.733,33.18334320126331
2015-07-12,15:51:43.880,32.012856343719534
2015-07-12,15:51:44.932,33.98784045402056
2015-07-12,15:51:45.999,32.886117572592184
2015-07-12,15:51:47.126,32.50425691681278
2015-07-12,15:51:48.239,32.3367499665066
2015-07-12,15:51:49.375,31.928816766817533
2015-07-12,15:51:50.436,32.0489639618055
2015-07-12,15:51:51.508,31.88071882371179
2015-07-12,15:51:52.629,31.253401840674996
2015-07-12,15:51:53.701,33.06476779714143
2015-07-12,15:51:54.908,32.15707305289175
2015-07-12,15:51:55.946,33.479979413413275
2015-07-12,15:51:57.017,31.77249543749008
2015-07-12,15:51:58.138,32.10907888122216
2015-07-12,15:51:59.211,33.23111283773392
2015-07-12,15:52:00.433,33.34976803258576
2015-07-12,15:52:01.404,33.82304081488718
2015-07-12,15:52:02.525,31.458970293483446
2015-07-12,15:52:03.652,31.217148336664707
2015-07-12,15:52:04.733,33.23111283773392
2015-07-12,15:52:05.891,32.252994757088175
2015-07-12,15:52:06.927,31.48312139256126
2015-07-12,15:52:08.033,33.51565831412353
2015-07-12,15:52:09.153,31.844712644191077
2015-07-12,15:52:10.233,34.011749581750735
2015-07-12,15:52:11.494,31.664160308153157
2015-07-12,15:52:12.421,33.07680533666644
2015-07-12,15:52:13.542,33.02923263341438
2015-07-12,15:52:14.621,33.645986997297484
2015-07-12,15:52:15.737,30.08518484801607
2015-07-12,15:52:16.913,29.938205938415933
2015-07-12,15:52:17.932,30.109733048849534
2015-07-12,15:52:19.051,32.95701146907169
2015-07-12,15:52:20.124,32.51574554308479
2015-07-12,15:52:21.246,34.4220174206622
2015-07-12,15:52:22.416,35.3446810522845
2015-07-12,15:52:23.458,35.9601338976604
2015-07-12,15:52:24.560,32.707003340293454
2015-07-12,15:52:25.633,31.96468135931474
2015-07-12,15:52:26.754,31.8324694520511
2015-07-12,15:52:27.892,32.80259282141117
2015-07-12,15:52:28.949,32.587805774048434
2015-07-12,15:52:30.022,33.26657961274947
2015-07-12,15:52:31.141,33.19534895870919
2015-07-12,15:52:32.264,32.79078400308964
2015-07-12,15:52:33.396,32.048654483328164
2015-07-12,15:52:34.457,32.75447214736312
2015-07-12,15:52:35.529,33.668410484189735
2015-07-12,15:52:36.651,32.252501272531504
2015-07-12,15:52:37.723,34.46875603243586
2015-07-12,15:52:38.931,34.34019478787292
2015-07-12,15:52:39.965,32.95714975855765
2015-07-12,15:52:41.038,30.792680941430888
2015-07-12,15:52:42.159,34.11637009810357
2015-07-12,15:52:43.234,34.35142616700284
2015-07-12,15:52:44.457,32.73056628226516
2015-07-12,15:52:45.426,31.66379363241032
2015-07-12,15:52:46.547,35.159020303315344
2015-07-12,15:52:47.669,33.337284644262866
2015-07-12,15:52:48.739,32.67113322847655
2015-07-12,15:52:49.858,33.467743986451524
2015-07-12,15:52:50.982,33.37295521157313
2015-07-12,15:52:52.053,31.374247139390093
2015-07-12,15:52:53.173,31.9767506004456
2015-07-12,15:52:54.246,33.83437281121684
2015-07-12,15:52:55.367,31.62777607110155
2015-07-12,15:52:56.457,32.276770739277254
2015-07-12,15:52:57.561,33.052741096327395
2015-07-12,15:52:58.633,33.99978962765215
2015-07-12,15:52:59.754,31.10809399858482
2015-07-12,15:53:00.924,34.2352128705968
2015-07-12,15:53:01.989,31.88071882371179
2015-07-12,15:53:03.069,32.70741497006685
2015-07-12,15:53:04.142,32.70741497006685
2015-07-12,15:53:05.264,30.02395653495398
2015-07-12,15:53:06.384,33.420159282703366
2015-07-12,15:53:07.477,31.66379363241032
2015-07-12,15:53:08.578,34.2348745584859
2015-07-12,15:53:09.650,31.458851641125705
2015-07-12,15:53:10.772,32.599853866024034
2015-07-12,15:53:11.845,32.81462560077449
2015-07-12,15:53:13.005,34.25783789768042
2015-07-12,15:53:14.087,31.675846551963673
2015-07-12,15:53:15.159,34.49238984270039
2015-07-12,15:53:16.281,32.132638175080956
2015-07-12,15:53:17.353,32.861642698936635
2015-07-12,15:53:18.494,31.301833246499825
2015-07-12,15:53:19.546,34.421706599989875
2015-07-12,15:53:20.668,33.2419954198532
2015-07-12,15:53:21.789,37.80479153159456
2015-07-12,15:53:22.862,34.1873008752637
2015-07-12,15:53:24.014,34.17565683174786
2015-07-12,15:53:25.055,33.36099700297086
2015-07-12,15:53:26.176,32.539846105823585
2015-07-12,15:53:27.249,32.03675178771482
2015-07-12,15:53:28.371,32.43231957571015
2015-07-12,15:53:29.517,32.59965744388393
2015-07-12,15:53:30.564,34.199760053133446
2015-07-12,15:53:31.689,33.254578893572216
2015-07-12,15:53:32.759,33.00516163258976
2015-07-12,15:53:33.879,32.21693624283978
2015-07-12,15:53:35.027,31.4951282595091
2015-07-12,15:53:36.081,31.28975437753468
2015-07-12,15:53:37.194,32.77898396353362
2015-07-12,15:53:38.266,33.06476779714143
2015-07-12,15:53:39.388,32.874332622314455
2015-07-12,15:53:40.530,33.07680533666644
2015-07-12,15:53:41.581,31.35029191808985
2015-07-12,15:53:42.658,31.615934839437045
2015-07-12,15:53:43.778,30.86554753159055
2015-07-12,15:53:44.852,30.439561936052144
2015-07-12,15:53:46.017,32.60009509112592
2015-07-12,15:53:47.090,32.838723723578084
2015-07-12,15:53:48.162,31.772247906135533
2015-07-12,15:53:49.284,31.65174949947675
2015-07-12,15:53:50.358,32.12065689740507
2015-07-12,15:53:51.497,32.467934245011406
2015-07-12,15:53:52.599,31.880455599891548
2015-07-12,15:53:53.671,31.651793624844913
2015-07-12,15:53:54.793,33.51461142564807
2015-07-12,15:53:55.869,32.74248707452426
2015-07-12,15:53:57.029,33.65644282623572
2015-07-12,15:53:58.061,33.0757641381619
2015-07-12,15:53:59.180,33.19452787883654
2015-07-12,15:54:00.256,34.66769923297312
2015-07-12,15:54:01.376,31.60381900152709
2015-07-12,15:54:02.548,34.30425544638592
2015-07-12,15:54:03.570,36.16643255116651
2015-07-12,15:54:04.688,33.1708771146877
2015-07-12,15:54:05.764,33.84560661881699
2015-07-12,15:54:06.882,33.62128060851887
2015-07-12,15:54:08.009,35.2754739671409
2015-07-12,15:54:09.080,32.43218264407466
2015-07-12,15:54:10.197,41.21586664040984
2015-07-12,15:54:11.272,32.778559833544364
2015-07-12,15:54:12.393,29.877099814973008
2015-07-12,15:54:13.518,34.84444997007438
2015-07-12,15:54:14.585,26.80251665864239
2015-07-12,15:54:15.706,36.68545841051411
2015-07-12,15:54:16.783,32.30058187217185
2015-07-12,15:54:17.900,31.8565302798969
2015-07-12,15:54:19.034,33.5029717208252
2015-07-12,15:54:20.093,35.82089185782917
2015-07-12,15:54:21.168,32.83786095115272
2015-07-12,15:54:22.287,31.675888987080384
2015-07-12,15:54:23.408,30.500831791337703
2015-07-12,15:54:24.547,34.01036768741665
2015-07-12,15:54:25.602,34.421706599989875
2015-07-12,15:54:26.677,34.98326591503729
2015-07-12,15:54:27.796,34.339513333911725
2015-07-12,15:54:28.874,35.12361874649122
2015-07-12,15:54:30.049,28.867678338053395
2015-07-12,15:54:31.111,32.6829047220466
2015-07-12,15:54:32.186,35.20463535126197
2015-07-12,15:54:33.304,34.67981822599768
2015-07-12,15:54:34.383,30.950725830511203
2015-07-12,15:54:35.528,36.54757655011076
2015-07-12,15:54:36.573,32.2405498334565
2015-07-12,15:54:37.695,34.410631745521755
2015-07-12,15:54:38.813,34.32858513073637
2015-07-12,15:54:39.889,33.39666050056104
2015-07-12,15:54:41.023,32.108772099194084
2015-07-12,15:54:42.082,32.96913645774663
2015-07-12,15:54:43.201,31.543302220432057
2015-07-12,15:54:44.276,32.39651001961465
2015-07-12,15:54:45.397,31.724180568778763
2015-07-12,15:54:46.522,32.55206640141188
2015-07-12,15:54:47.594,33.97621805261173
2015-07-12,15:54:48.709,33.71657833983102
2015-07-12,15:54:49.786,32.06106246406455
2015-07-12,15:54:50.903,31.313945054089572
2015-07-12,15:54:52.050,32.80282933648243
2015-07-12,15:54:53.102,32.57620202731039
2015-07-12,15:54:54.218,32.60009509112592
2015-07-12,15:54:55.295,32.480574712417706
2015-07-12,15:54:56.413,30.524866063245383
2015-07-12,15:54:57.558,32.46874679643156
2015-07-12,15:54:58.605,31.700412797303784
2015-07-12,15:54:59.681,32.01323619461573
2015-07-12,15:55:00.802,32.993693294489844
2015-07-12,15:55:01.924,32.13330166287648
2015-07-12,15:55:03.047,31.047662972151045
2015-07-12,15:55:04.114,31.02340764903738
2015-07-12,15:55:05.190,32.1808796285315
2015-07-12,15:55:06.311,29.9015066545781
2015-07-12,15:55:07.390,32.33644807260407
2015-07-12,15:55:08.560,32.072721183896135
2015-07-12,15:55:09.623,33.704339023380044
2015-07-12,15:55:10.699,33.34948398923564
2015-07-12,15:55:11.821,33.31403962943057
2015-07-12,15:55:12.891,33.29031232774366
2015-07-12,15:55:14.088,32.181061804276624
2015-07-12,15:55:15.085,32.921974148352206
2015-07-12,15:55:16.250,31.313945054089572
2015-07-12,15:55:17.329,30.573551522435196
2015-07-12,15:55:18.398,40.48711840378496
2015-07-12,15:55:19.519,31.035363311393382
2015-07-12,15:55:20.592,32.22902265334005
2015-07-12,15:55:21.712,32.58802355345301
2015-07-12,15:55:22.786,33.45660548271792
2015-07-12,15:55:23.906,30.962678709395675
2015-07-12,15:55:25.027,31.652202072617683
2015-07-12,15:55:26.115,32.13330166287648
2015-07-12,15:55:27.221,31.736667093268352
2015-07-12,15:55:28.296,32.62427076779943
2015-07-12,15:55:29.415,30.57371212592011
2015-07-12,15:55:30.536,31.156826998308414
2015-07-12,15:55:31.620,32.301442394905905
2015-07-12,15:55:32.730,31.531792159644738
2015-07-12,15:55:33.802,31.748835371637824
2015-07-12,15:55:34.924,31.652427949129503
2015-07-12,15:55:35.996,31.37487260725146
2015-07-12,15:55:37.118,31.519844897105372
2015-07-12,15:55:38.239,31.302310121713333
2015-07-12,15:55:39.311,30.060873998412205
2015-07-12,15:55:40.433,30.18324702176949
2015-07-12,15:55:41.505,31.869508336187835
2015-07-12,15:55:42.634,32.75609880064377
2015-07-12,15:55:43.699,31.266134023744712
2015-07-12,15:55:44.820,31.023794325753045
2015-07-12,15:55:45.943,31.07230779727485
2015-07-12,15:55:47.013,31.447659847190153
2015-07-12,15:55:48.160,30.744511049106904
2015-07-12,15:55:49.207,30.72017886515272
2015-07-12,15:55:50.328,31.084560243471685
2015-07-12,15:55:51.405,32.18223994795272
2015-07-12,15:55:52.522,33.13759972836715
2015-07-12,15:55:53.670,30.781124259505532
2015-07-12,15:55:54.716,31.65301505522058
2015-07-12,15:55:55.837,29.68078692381914
2015-07-12,15:55:56.909,29.938687044694177
2015-07-12,15:55:58.031,24.383188915227493
2015-07-12,15:55:59.162,31.277895627617227
2015-07-12,15:56:00.224,32.957832722289936
2015-07-12,15:56:01.346,34.530367964097024
2015-07-12,15:56:02.419,32.82765349554404
2015-07-12,15:56:03.539,31.37514195746394
2015-07-12,15:56:04.712,31.88170234904879
2015-07-12,15:56:05.733,32.38579580896908
2015-07-12,15:56:06.810,30.34239990673842
2015-07-12,15:56:07.927,32.18223994795272
2015-07-12,15:56:09.048,32.76866354589686
2015-07-12,15:56:10.210,31.50820998747014
2015-07-12,15:56:11.243,31.27867834278072
2015-07-12,15:56:12.317,34.84745611358085
2015-07-12,15:56:13.436,31.266744209820786
2015-07-12,15:56:14.512,32.8285335084027
2015-07-12,15:56:15.729,30.842363915842043
2015-07-12,15:56:16.767,32.15909761020686
2015-07-12,15:56:17.825,32.326989527157366
2015-07-12,15:56:18.945,32.30302161134716
2015-07-12,15:56:20.045,31.714291493714313
2015-07-12,15:56:21.160,32.55466755471582
2015-07-12,15:56:22.214,32.27955328181031
2015-07-12,15:56:23.332,31.55769508678924
2015-07-12,15:56:24.412,31.87111852132699
2015-07-12,15:56:25.549,30.891745213891113
2015-07-12,15:56:26.689,32.19586116009668
2015-07-12,15:56:27.863,32.075797947225794
2015-07-12,15:56:28.973,31.376671603559203
2015-07-12,15:56:29.935,32.44782988321742
2015-07-12,15:56:31.034,31.871633791996032
2015-07-12,15:56:32.293,32.51962970739294
2015-07-12,15:56:33.230,31.316419706194097
2015-07-12,15:56:34.349,30.380516609846495
2015-07-12,15:56:35.609,31.304566964262733
2015-07-12,15:56:36.543,32.43615694048191
2015-07-12,15:56:37.694,31.64293225116694
2015-07-12,15:56:38.747,31.92033722185886
2015-07-12,15:56:39.813,31.05031447362353
2015-07-12,15:56:40.933,30.0259290342608
2015-07-12,15:56:42.009,32.55645546426689
2015-07-12,15:56:43.224,30.70998293320588
2015-07-12,15:56:44.248,31.932669150498786
2015-07-12,15:56:45.321,30.7710889491201
2015-07-12,15:56:46.443,30.965595232874193
2015-07-12,15:56:47.514,31.172135782782675
2015-07-12,15:56:48.685,31.80053695502312
2015-07-12,15:56:49.710,31.317490952701917
2015-07-12,15:56:50.829,31.026575698179613
2015-07-12,15:56:51.948,29.768438609410623
2015-07-12,15:56:53.023,30.660404448207657
2015-07-12,15:56:54.208,31.327835206575628
2015-07-12,15:56:55.218,31.774319729205445
2015-07-12,15:56:56.342,31.906528754091767
2015-07-12,15:56:57.413,33.96695652610413
2015-07-12,15:56:58.531,32.19443477844521
2015-07-12,15:56:59.712,31.568741401585896
2015-07-12,15:57:00.725,32.314328249965456
2015-07-12,15:57:01.855,33.6962291815035
2015-07-12,15:57:02.920,31.895188738485103
2015-07-12,15:57:04.040,30.77015672643165
2015-07-12,15:57:05.169,31.75118836492368
2015-07-12,15:57:06.234,31.267998986436965
2015-07-12,15:57:07.355,31.522214614924053
2015-07-12,15:57:08.429,31.894716503739176
2015-07-12,15:57:09.549,37.414749970997946
2015-07-12,15:57:10.682,30.90411796145617
2015-07-12,15:57:11.742,32.10037901441024
2015-07-12,15:57:12.864,31.64293225116694
2015-07-12,15:57:13.938,31.268507819087574
2015-07-12,15:57:15.058,29.78051770467198
2015-07-12,15:57:16.182,29.694688767742775
2015-07-12,15:57:17.251,32.26902052153366
2015-07-12,15:57:18.324,31.522767783051563
2015-07-12,15:57:19.445,30.01388986119912
2015-07-12,15:57:20.571,30.320124490457147
2015-07-12,15:57:21.715,30.88081001499893
2015-07-12,15:57:22.761,31.34169693991612
2015-07-12,15:57:23.832,31.34169693991612
2015-07-12,15:57:24.956,30.56427577011442
2015-07-12,15:57:26.072,31.933302309792793
2015-07-12,15:57:27.235,30.96614616318408
2015-07-12,15:57:28.271,30.343661474249927
2015-07-12,15:57:29.341,31.71477079719989
2015-07-12,15:57:30.462,30.782116850861144
2015-07-12,15:57:31.537,32.327498750962434
2015-07-12,15:57:32.763,32.00318912594014
2015-07-12,15:57:33.778,33.28119548300168
2015-07-12,15:57:34.849,33.304938718898654
2015-07-12,15:57:35.972,32.242843404485086
2015-07-12,15:57:37.045,32.146864869116484
2015-07-12,15:57:38.226,31.02436226708488
2015-07-12,15:57:39.242,31.797991430850686
2015-07-12,15:57:40.359,32.76866354589686
2015-07-12,15:57:41.487,32.170439431027376
2015-07-12,15:57:42.552,34.08426047899212
2015-07-12,15:57:43.738,33.9899805406489
2015-07-12,15:57:44.749,35.140445947938474
2015-07-12,15:57:45.867,33.49529818234066
2015-07-12,15:57:46.986,33.032434220210575
2015-07-12,15:57:48.064,32.59137987330877
2015-07-12,15:57:49.256,31.449716316594905
2015-07-12,15:57:50.255,32.17242306539163
2015-07-12,15:57:51.376,32.16071728624519
2015-07-12,15:57:52.448,31.992509844218375
2015-07-12,15:57:53.567,32.316981711138226
2015-07-12,15:57:54.688,28.730508109171467
2015-07-12,15:57:55.761,32.805738449293756
2015-07-12,15:57:56.882,32.6630804620595
2015-07-12,15:57:57.955,30.9036857538772
2015-07-12,15:57:59.075,32.24441705895549
2015-07-12,15:58:00.148,31.582864556479592
2015-07-12,15:58:01.269,32.10098135088447
2015-07-12,15:58:02.390,32.64048164789483
2015-07-12,15:58:03.463,31.59582600505206
2015-07-12,15:58:04.584,31.981423502579787
2015-07-12,15:58:05.657,31.07570148289915
2015-07-12,15:58:06.847,32.8322488661027
2015-07-12,15:58:07.851,30.966742505481648
2015-07-12,15:58:08.972,32.45053682633778
2015-07-12,15:58:10.093,32.11469870468085
2015-07-12,15:58:11.165,31.801871158945065
2015-07-12,15:58:12.309,30.651044097837087
2015-07-12,15:58:13.362,31.76607502330603
2015-07-12,15:58:14.480,30.63918176952626
2015-07-12,15:58:15.602,30.297363282798813
2015-07-12,15:58:16.674,30.41957158761596
2015-07-12,15:58:17.812,24.74428808563715
2015-07-12,15:58:18.868,31.050849971445473
2015-07-12,15:58:19.989,31.15973553044273
2015-07-12,15:58:21.065,31.95673050641369
2015-07-12,15:58:22.183,32.28202366533634
2015-07-12,15:58:23.316,31.88583295508903
2015-07-12,15:58:24.376,31.66889098472797
2015-07-12,15:58:25.498,30.760338529894113
2015-07-12,15:58:26.574,31.076329812486563
2015-07-12,15:58:27.691,30.760338529894113
2015-07-12,15:58:28.834,30.21142522196567
2015-07-12,15:58:29.885,29.769920163356915
2015-07-12,15:58:30.962,30.62666998695488
2015-07-12,15:58:32.080,32.38955360372307
2015-07-12,15:58:33.200,31.19637585620518
2015-07-12,15:58:34.329,31.19637585620518
2015-07-12,15:58:35.396,31.20821360993739
2015-07-12,15:58:36.470,34.69855929838053
2015-07-12,15:58:37.590,30.246299595353666
2015-07-12,15:58:38.709,31.968457892843503
2015-07-12,15:58:39.857,31.425538912343427
2015-07-12,15:58:40.903,31.110716672474386
2015-07-12,15:58:41.982,28.75590701429371
2015-07-12,15:58:43.096,31.37716712787204
2015-07-12,15:58:44.172,31.847555918364833
2015-07-12,15:58:45.359,32.59137987330877
2015-07-12,15:58:46.365,30.380106917419766
2015-07-12,15:58:47.486,31.738878493879156
2015-07-12,15:58:48.605,29.54630972183452
2015-07-12,15:58:49.681,30.465365123514516
2015-07-12,15:58:50.828,31.895188738485103
2015-07-12,15:58:51.877,32.27955328181031
2015-07-12,15:58:52.996,30.782116850861144
2015-07-12,15:58:54.114,31.943312388786012
2015-07-12,15:58:55.190,32.38713663753401
2015-07-12,15:58:56.341,32.38713663753401
2015-07-12,15:58:57.383,31.25521349519204
2015-07-12,15:58:58.501,31.376221334612296
2015-07-12,15:58:59.576,30.81840717206262
2015-07-12,15:59:00.699,31.47292567257932
2015-07-12,15:59:01.838,31.99093319960332
2015-07-12,15:59:02.900,36.115613943989615
2015-07-12,15:59:04.010,33.233692745822
2015-07-12,15:59:05.086,29.459683706287933
2015-07-12,15:59:06.207,36.15153545421225
2015-07-12,15:59:07.340,31.69117987691618
2015-07-12,15:59:08.402,31.79993758626875
2015-07-12,15:59:09.473,33.200288565437745
2015-07-12,15:59:10.593,31.510980265120736
2015-07-12,15:59:11.715,30.185841804059407
2015-07-12,15:59:12.866,32.041881625636506
2015-07-12,15:59:13.906,31.92160150609328
2015-07-12,15:59:14.981,33.320624581943434
2015-07-12,15:59:16.110,32.03020872836436
2015-07-12,15:59:17.180,31.488095048609352
2015-07-12,15:59:18.357,30.82150168847113
2015-07-12,15:59:19.366,30.9430848284901
2015-07-12,15:59:20.489,32.34309191621713
2015-07-12,15:59:21.609,31.10127257332499
2015-07-12,15:59:22.683,31.488803518161717
2015-07-12,15:59:23.802,31.537142848994336
2015-07-12,15:59:24.926,30.94376997190807
2015-07-12,15:59:25.996,30.7734990152054
2015-07-12,15:59:27.117,30.187567836660207
2015-07-12,15:59:28.191,29.043014942406955
2015-07-12,15:59:29.312,31.295957269663575
2015-07-12,15:59:30.428,30.737326669069432
2015-07-12,15:59:31.505,31.36859978267853
2015-07-12,15:59:32.577,30.749865819781917
2015-07-12,15:59:33.698,32.00848382533968
2015-07-12,15:59:34.771,31.114505266940455
2015-07-12,15:59:35.892,31.683610509900348
2015-07-12,15:59:37.013,31.22404038142804
2015-07-12,15:59:38.085,31.466174104469587
2015-07-12,15:59:39.207,31.345178177952732
2015-07-12,15:59:40.279,30.73806259565248
2015-07-12,15:59:41.401,31.248279309206
2015-07-12,15:59:42.473,29.093117204649783
2015-07-12,15:59:43.595,28.03509848581689
2015-07-12,15:59:44.715,31.76607502330603
2015-07-12,15:59:45.788,31.43973717486682
2015-07-12,15:59:46.909,31.475670952677547
2015-07-12,15:59:47.990,31.958046006995176
2015-07-12,15:59:49.103,33.33209499920963
2015-07-12,15:59:50.175,33.28459400406166
2015-07-12,15:59:51.297,33.04676303700171
2015-07-12,15:59:52.418,29.9898382305509
2015-07-12,15:59:53.490,32.221694660029414
2015-07-12,15:59:54.612,31.54752509966255
2015-07-12,15:59:55.684,31.58344547726051
2015-07-12,15:59:56.805,31.872799673682437
2015-07-12,15:59:57.933,31.96907155673
2015-07-12,15:59:58.999,33.603628840850035
2015-07-12,16:00:00.120,28.917280188351697
2015-07-12,16:00:01.193,32.0288810440515
2015-07-12,16:00:02.314,31.353511464827815
2015-07-12,16:00:03.416,31.932669150498786
2015-07-12,16:00:04.508,31.932669150498786
2015-07-12,16:00:05.630,33.05755894911306
2015-07-12,16:00:06.701,33.99323156634438
2015-07-12,16:00:07.823,31.703516917493232
2015-07-12,16:00:08.917,30.904595574200243
2015-07-12,16:00:10.016,30.92889635384256
2015-07-12,16:00:11.089,31.824028720913702
2015-07-12,16:00:12.210,31.60700629189023
2015-07-12,16:00:13.332,29.423446287842125
2015-07-12,16:00:14.434,32.43615694048191
2015-07-12,16:00:15.526,32.19642662112187
2015-07-12,16:00:16.676,32.412208837094
2015-07-12,16:00:17.791,30.75820547596703
2015-07-12,16:00:18.900,31.58232884372495
2015-07-12,16:00:19.924,32.02773367112263
2015-07-12,16:00:21.034,30.94034050380185
2015-07-12,16:00:22.106,31.146394655691154
2015-07-12,16:00:23.228,32.303528788291544
2015-07-12,16:00:24.300,32.71026665888502
2015-07-12,16:00:25.422,32.38713663753401
2015-07-12,16:00:26.543,30.794085845934376
2015-07-12,16:00:27.615,33.15079475408743
2015-07-12,16:00:28.736,34.1688966512686
2015-07-12,16:00:29.814,30.86703262345628
2015-07-12,16:00:30.930,33.76716260135527
2015-07-12,16:00:32.002,29.58308483711869
2015-07-12,16:00:33.124,31.2917465636512
2015-07-12,16:00:34.245,31.824028720913702
2015-07-12,16:00:35.317,32.0288810440515
2015-07-12,16:00:36.443,33.68686044145244
2015-07-12,16:00:37.511,31.40248682942035
2015-07-12,16:00:38.632,31.123096837098956
2015-07-12,16:00:39.754,29.706779881899426
2015-07-12,16:00:40.827,34.69855929838053
2015-07-12,16:00:41.948,37.43857816947428
2015-07-12,16:00:43.020,34.0518136882954
2015-07-12,16:00:44.141,29.484893446228227
2015-07-12,16:00:45.214,31.678853751537417
2015-07-12,16:00:46.335,33.674644588446654
2015-07-12,16:00:47.458,32.42514507008377
2015-07-12,16:00:48.528,28.133301654817274
2015-07-12,16:00:49.650,30.9165016752699
2015-07-12,16:00:50.722,30.83118752431903
2015-07-12,16:00:51.843,32.30408093466599
2015-07-12,16:00:52.964,33.12761483398623
2015-07-12,16:00:54.037,33.175172481498805
2015-07-12,16:00:55.158,32.7224936811283
2015-07-12,16:00:56.231,32.69861374301502
2015-07-12,16:00:57.358,34.380610715938474
2015-07-12,16:00:58.476,32.12383993057614
2015-07-12,16:00:59.546,33.62588908065629
2015-07-12,16:01:00.667,33.00862544150448
2015-07-12,16:01:01.740,33.044034688226986
2015-07-12,16:01:02.867,31.75068339234747
2015-07-12,16:01:04.004,32.92495489261768
2015-07-12,16:01:05.055,31.412717106256764
2015-07-12,16:01:06.130,31.702470063024062
2015-07-12,16:01:07.248,32.471202276389306
2015-07-12,16:01:08.369,33.94461387296741
2015-07-12,16:01:09.504,33.281785813241015
2015-07-12,16:01:10.581,33.45943493053693
2015-07-12,16:01:11.638,31.931040274173256
2015-07-12,16:01:12.757,32.93658286784415
2015-07-12,16:01:13.878,33.127015222280306
2015-07-12,16:01:15.036,32.817385163575636
2015-07-12,16:01:16.074,32.84123565014289
2015-07-12,16:01:17.301,32.78133079506671
2015-07-12,16:01:18.386,32.92439480291489
2015-07-12,16:01:19.340,32.54245183934307
2015-07-12,16:01:20.534,32.661960038734605
2015-07-12,16:01:21.581,32.0149734097501
2015-07-12,16:01:22.742,32.422805822284715
2015-07-12,16:01:23.810,33.529940689758746
2015-07-12,16:01:24.852,33.292788860490305
2015-07-12,16:01:26.307,32.146864869116484
2015-07-12,16:01:27.362,31.95464062074933
2015-07-12,16:01:28.455,32.7691432412596
2015-07-12,16:01:29.323,35.43125497736452
2015-07-12,16:01:30.364,33.529940689758746
2015-07-12,16:01:31.581,33.93186338557689
2015-07-12,16:01:32.555,31.749808846349826
2015-07-12,16:01:33.670,33.375582210389894
2015-07-12,16:01:34.756,34.41416807780132
2015-07-12,16:01:36.006,32.87621743736531
2015-07-12,16:01:36.987,30.92724989519695
2015-07-12,16:01:38.060,32.94770231341778
2015-07-12,16:01:39.179,34.0376964431357
2015-07-12,16:01:40.254,32.685350204390545
2015-07-12,16:01:41.376,33.58886399152681
2015-07-12,16:01:42.521,33.375582210389894
2015-07-12,16:01:43.569,31.484402691086984
2015-07-12,16:01:44.688,32.47020421509143
2015-07-12,16:01:45.767,33.91976990554576
2015-07-12,16:01:46.882,33.707165361326076
2015-07-12,16:01:48.111,32.685350204390545
2015-07-12,16:01:49.078,33.61253501811257
2015-07-12,16:01:50.149,33.848949903780635
2015-07-12,16:01:51.272,33.89676635887042
2015-07-12,16:01:52.359,33.090524696007094
2015-07-12,16:01:53.545,34.46113171340397
2015-07-12,16:01:54.586,31.84615159101378
2015-07-12,16:01:55.658,33.2093936282306
2015-07-12,16:01:56.906,33.96695652610413
2015-07-12,16:01:57.853,31.99049777173417
2015-07-12,16:01:59.029,33.114309357434536
2015-07-12,16:02:00.046,33.96695652610413
2015-07-12,16:02:01.169,33.423015944650274
2015-07-12,16:02:02.286,33.49412603531988
2015-07-12,16:02:03.369,35.32617523945396
2015-07-12,16:02:04.566,34.53153759840302
2015-07-12,16:02:05.556,35.84837850584307
2015-07-12,16:02:06.677,32.505869885362586
2015-07-12,16:02:07.751,33.56518758284949
2015-07-12,16:02:08.870,33.43460835625433
2015-07-12,16:02:09.989,34.56641226192778
2015-07-12,16:02:11.061,34.119874073216124
2015-07-12,16:02:12.182,33.29226451741084
2015-07-12,16:02:13.255,32.4340832233363
2015-07-12,16:02:14.376,33.26852159838103
2015-07-12,16:02:15.498,34.66017752705892
2015-07-12,16:02:16.576,31.06059529117607
2015-07-12,16:02:17.696,33.102169215913705
2015-07-12,16:02:18.763,33.29226451741084
2015-07-12,16:02:19.885,34.19050721782253
2015-07-12,16:02:20.961,34.84745611358085
2015-07-12,16:02:22.079,33.20889869599995
2015-07-12,16:02:23.152,33.91921460696494
2015-07-12,16:02:24.272,34.013558516668354
2015-07-12,16:02:25.394,33.16137148355733
2015-07-12,16:02:26.466,32.18223994795272
2015-07-12,16:02:27.587,33.87201061793991
2015-07-12,16:02:28.660,34.34309187346821
2015-07-12,16:02:29.781,34.16756657887913
2015-07-12,16:02:30.854,33.15079475408743
2015-07-12,16:02:31.975,32.17134124001518
2015-07-12,16:02:33.096,33.63739683282955
2015-07-12,16:02:34.169,32.60303901430996
2015-07-12,16:02:35.290,29.75523338652812
2015-07-12,16:02:36.362,35.48976223870159
2015-07-12,16:02:37.483,30.951882206730374
2015-07-12,16:02:38.585,32.05079733962384
2015-07-12,16:02:39.677,33.292788860490305
2015-07-12,16:02:40.798,33.4114323290828
2015-07-12,16:02:41.871,32.4941313680622
2015-07-12,16:02:42.992,33.25690317978609
2015-07-12,16:02:44.065,31.749808846349826
2015-07-12,16:02:45.186,34.68360570504967
2015-07-12,16:02:46.258,33.43460835625433
2015-07-12,16:02:47.380,33.26852159838103
2015-07-12,16:02:48.501,32.19443477844521
2015-07-12,16:02:49.658,33.06625183166693
2015-07-12,16:02:50.694,30.829756327929942
2015-07-12,16:02:51.773,33.23265415911942
2015-07-12,16:02:52.888,34.882220819183544
2015-07-12,16:02:53.961,33.422502815870416
2015-07-12,16:02:55.082,33.31552029810507
2015-07-12,16:02:56.203,32.839778209278336
2015-07-12,16:02:57.276,33.31552029810507
2015-07-12,16:02:58.397,32.409739208240296
2015-07-12,16:02:59.470,31.64079253250361
2015-07-12,16:03:00.591,32.01379602421741
2015-07-12,16:03:01.663,34.69443644346666
2015-07-12,16:03:02.785,30.853817328478613
2015-07-12,16:03:03.905,32.10987624523642
2015-07-12,16:03:04.978,32.75609880064377
2015-07-12,16:03:06.099,34.08373562277751
2015-07-12,16:03:07.172,32.60071199160393
2015-07-12,16:03:08.293,33.48106589949168
2015-07-12,16:03:09.365,33.81223952502961
2015-07-12,16:03:10.487,32.8870501873771
2015-07-12,16:03:11.608,32.67237061446207
2015-07-12,16:03:12.680,32.970230008311376
2015-07-12,16:03:13.802,32.492964806268105
2015-07-12,16:03:14.874,31.70064289138668
2015-07-12,16:03:15.996,32.684134262662496
2015-07-12,16:03:17.089,30.70771123427352
2015-07-12,16:03:18.189,34.36553696018035
2015-07-12,16:03:19.310,33.11298297399338
2015-07-12,16:03:20.383,34.412509800454984
2015-07-12,16:03:21.505,33.42161036280896
2015-07-12,16:03:22.613,34.0596971766314
2015-07-12,16:03:23.698,32.66025733032359
2015-07-12,16:03:24.770,32.37330475885426
2015-07-12,16:03:25.891,32.445117353087824
2015-07-12,16:03:27.013,32.82728065113503
2015-07-12,16:03:28.118,33.290959339011806
2015-07-12,16:03:29.206,33.362137312666846
2015-07-12,16:03:30.279,33.646363412395544
2015-07-12,16:03:31.400,32.886694581005884
2015-07-12,16:03:32.521,32.958149776454604
2015-07-12,16:03:33.607,33.05334699570733
2015-07-12,16:03:34.715,32.001344545952634
2015-07-12,16:03:35.788,33.005759286904436
2015-07-12,16:03:36.909,33.219732628661404
2015-07-12,16:03:37.982,33.290959339011806
2015-07-12,16:03:39.137,32.12142917063005
2015-07-12,16:03:40.224,32.791344460493235
2015-07-12,16:03:41.297,33.290959339011806
2015-07-12,16:03:42.418,32.50476753726747
2015-07-12,16:03:43.490,32.862865256082614
2015-07-12,16:03:44.621,32.36118170083614
2015-07-12,16:03:45.687,33.38585248712582
2015-07-12,16:03:46.805,33.90622436431215
2015-07-12,16:03:48.478,33.83541743698123
2015-07-12,16:03:49.007,32.958149776454604
2015-07-12,16:03:50.852,32.63606334920223
2015-07-12,16:03:51.197,34.7989779465949
2015-07-12,16:03:52.314,32.993693294489844
2015-07-12,16:03:53.435,33.207681867700444
2015-07-12,16:03:54.676,32.63606334920223
2015-07-12,16:03:55.834,33.94140336754799
2015-07-12,16:03:56.996,32.56438929083271
2015-07-12,16:03:58.236,33.56335404607239
2015-07-12,16:03:59.400,33.13640127353267
2015-07-12,16:04:00.037,34.17698985226167
2015-07-12,16:04:01.782,33.04128439505433
2015-07-12,16:04:02.900,32.922265750654674
2015-07-12,16:04:03.331,32.2171440315592
2015-07-12,16:04:04.428,33.45660548271792
2015-07-12,16:04:05.527,33.952999506215406
2015-07-12,16:04:07.307,33.952999506215406
2015-07-12,16:04:08.385,33.66963548801374
2015-07-12,16:04:08.795,32.957832722289936
2015-07-12,16:04:09.931,33.70492409518022
2015-07-12,16:04:11.272,34.99691198931987
2015-07-12,16:04:12.329,33.68128467353421
2015-07-12,16:04:13.231,33.18361283265318
2015-07-12,16:04:14.302,33.68128467353421
2015-07-12,16:04:15.424,33.13609111980742
2015-07-12,16:04:16.591,32.96959383708014
2015-07-12,16:04:17.771,33.76383369895137
2015-07-12,16:04:19.250,33.88187842708976
2015-07-12,16:04:20.311,33.50366351347293
2015-07-12,16:04:21.382,32.981363729424686
2015-07-12,16:04:22.005,33.385189083812634
2015-07-12,16:04:23.213,31.615779796903094
2015-07-12,16:04:24.260,32.695362831066404
2015-07-12,16:04:25.320,33.64565508522662
2015-07-12,16:04:26.441,33.26657961274947
2015-07-12,16:04:27.647,33.33776152072795
2015-07-12,16:04:28.809,33.479979413413275
2015-07-12,16:04:29.822,33.34948398923564
2015-07-12,16:04:30.896,32.25280627787566
2015-07-12,16:04:31.902,34.24679489970106
2015-07-12,16:04:33.119,33.65732919976182
2015-07-12,16:04:34.208,33.539034900275965
2015-07-12,16:04:35.217,34.76278484401644
2015-07-12,16:04:36.337,33.27831328601184
2015-07-12,16:04:37.409,34.411250166774664
2015-07-12,16:04:38.531,33.70460932412169
2015-07-12,16:04:40.101,33.86992100284397
2015-07-12,16:04:41.129,32.993142396107885
2015-07-12,16:04:42.142,33.574402229321095
2015-07-12,16:04:43.161,33.13582561463306
2015-07-12,16:04:44.231,35.252956579425245
2015-07-12,16:04:45.308,33.917104789518476
2015-07-12,16:04:46.271,35.15976734346299
2015-07-12,16:04:47.182,33.70460932412169
2015-07-12,16:04:48.474,33.822715847909365
2015-07-12,16:04:49.375,38.756834830916034
2015-07-12,16:04:50.448,30.889747978083165
2015-07-12,16:04:52.024,33.20709385412266
2015-07-12,16:04:53.004,33.822715847909365
2015-07-12,16:04:53.944,33.610027603831156
2015-07-12,16:04:54.983,32.20486072553416
2015-07-12,16:04:55.992,37.72662705500181
2015-07-12,16:04:57.077,36.354121245915394
2015-07-12,16:04:58.150,41.31715041723544
2015-07-12,16:04:59.271,30.14639360297582
2015-07-12,16:05:00.344,36.22700510907168
2015-07-12,16:05:01.465,35.35891903099707
2015-07-12,16:05:02.586,33.13675608606604
2015-07-12,16:05:03.484,32.83938195482267
2015-07-12,16:05:04.605,35.11514851918702
2015-07-12,16:05:05.678,33.87150379053912
2015-07-12,16:05:06.799,32.1940492845269
2015-07-12,16:05:07.909,33.659327676762246
2015-07-12,16:05:08.498,32.589342891391766
2015-07-12,16:05:09.618,33.398790669544326
2015-07-12,16:05:10.691,32.29036064762249
2015-07-12,16:05:11.812,33.33925035921362
2015-07-12,16:05:12.910,29.298891597032252
2015-07-12,16:05:14.006,29.729692365422693
2015-07-12,16:05:15.081,31.977310903518685
2015-07-12,16:05:16.199,31.289903281808904
2015-07-12,16:05:17.321,33.06507177558876
2015-07-12,16:05:18.393,33.0054381134874
2015-07-12,16:05:19.515,32.049157043669936
2015-07-12,16:05:20.587,32.480574712417706
2015-07-12,16:05:21.708,34.1530573900514
2015-07-12,16:05:22.781,40.09091029878971
2015-07-12,16:05:23.902,34.93977533078805
2015-07-12,16:05:25.023,33.196788722166275
2015-07-12,16:05:26.096,31.79761767106686
2015-07-12,16:05:27.217,33.41089790130911
2015-07-12,16:05:28.289,33.778081748197906
2015-07-12,16:05:29.410,33.68351583421958
2015-07-12,16:05:30.483,32.793002656293424
2015-07-12,16:05:31.605,32.7691432412596
2015-07-12,16:05:32.725,32.90056448135067
2015-07-12,16:05:33.798,32.21933461509889
2015-07-12,16:05:34.922,30.67239308302959
2015-07-12,16:05:35.998,32.686384987052406
2015-07-12,16:05:37.113,32.73414283804186
2015-07-12,16:05:38.185,32.219857116655135
2015-07-12,16:05:39.307,32.913335737022805
2015-07-12,16:05:40.428,32.20813744752036
2015-07-12,16:05:41.500,33.54334292550044
2015-07-12,16:05:42.621,31.991939225707597
2015-07-12,16:05:43.697,32.57972956582512
2015-07-12,16:05:44.816,33.19959349973851
2015-07-12,16:05:45.918,33.29462988111686
2015-07-12,16:05:47.009,32.30467806054105
2015-07-12,16:05:48.130,32.42449283794343
2015-07-12,16:05:49.203,31.92033722185886
2015-07-12,16:05:50.324,31.679397702290203
2015-07-12,16:05:51.442,32.532532953749865
2015-07-12,16:05:52.518,32.293003890174305
2015-07-12,16:05:53.590,31.860451509651114
2015-07-12,16:05:54.711,32.5926676831138
2015-07-12,16:05:55.833,33.06981939845775
2015-07-12,16:05:56.910,32.32929623591042
2015-07-12,16:05:58.026,32.13733228054758
2015-07-12,16:05:59.099,32.664380372140556
2015-07-12,16:06:00.220,32.221694660029414
2015-07-12,16:06:01.292,31.981423502579787
2015-07-12,16:06:02.429,31.523366182636774
2015-07-12,16:06:03.535,28.53175577515765
2015-07-12,16:06:04.607,29.422839186665556
2015-07-12,16:06:05.729,31.484794499153907
2015-07-12,16:06:06.802,32.36269172208762
2015-07-12,16:06:07.951,31.87022326967252
2015-07-12,16:06:09.051,32.314328249965456
2015-07-12,16:06:10.208,33.018659345163485
2015-07-12,16:06:11.237,31.664908774343928
2015-07-12,16:06:12.384,31.833565235112587
2015-07-12,16:06:13.617,33.54050394753409
2015-07-12,16:06:14.672,33.25594986909505
2015-07-12,16:06:15.625,32.169717557000524
2015-07-12,16:06:16.746,32.19370875689236
2015-07-12,16:06:17.824,32.982321082476574
2015-07-12,16:06:18.955,33.38625106880164
2015-07-12,16:06:20.015,32.25350646214628
2015-07-12,16:06:21.134,31.96542422706125
2015-07-12,16:06:22.208,32.13356953805936
2015-07-12,16:06:23.331,34.6704835273128
2015-07-12,16:06:24.467,33.01783611998138
2015-07-12,16:06:25.524,33.83541743698123
2015-07-12,16:06:26.646,34.14190078240449
2015-07-12,16:06:27.718,33.05334699570733
2015-07-12,16:06:28.839,31.519608063402472
2015-07-12,16:06:29.966,33.69365909090652
2015-07-12,16:06:31.034,32.600381129547884
2015-07-12,16:06:32.154,33.33841673177153
2015-07-12,16:06:33.226,34.071253758294915
2015-07-12,16:06:34.352,33.45696560098986
2015-07-12,16:06:35.488,33.646363412395544
2015-07-12,16:06:36.541,33.69365909090652
2015-07-12,16:06:37.614,32.57648599036486
2015-07-12,16:06:38.735,33.63434287328971
2015-07-12,16:06:39.857,33.13640127353267
2015-07-12,16:06:41.008,33.35009666121465
2015-07-12,16:06:42.050,32.70768794386811
2015-07-12,16:06:43.131,33.01749156900382
2015-07-12,16:06:44.244,33.02923263341438
2015-07-12,16:06:45.366,32.480574712417706
2015-07-12,16:06:46.534,33.45660548271792
2015-07-12,16:06:47.560,31.977079138965053
2015-07-12,16:06:48.631,32.91020550961639
2015-07-12,16:06:49.752,33.57500928923088
2015-07-12,16:06:50.826,33.33806682929742
2015-07-12,16:06:52.021,32.71947797042003
2015-07-12,16:06:53.067,33.02923263341438
2015-07-12,16:06:54.140,33.13609111980742
2015-07-12,16:06:55.262,33.18361283265318
2015-07-12,16:06:56.334,33.25485470718394
2015-07-12,16:06:57.541,31.168715935339037
2015-07-12,16:06:58.577,32.276961317689256
2015-07-12,16:06:59.648,33.58667329869729
2015-07-12,16:07:00.771,33.06476779714143
2015-07-12,16:07:01.842,32.46849461205289
2015-07-12,16:07:03.043,32.276961317689256
2015-07-12,16:07:04.086,33.62200326460027
2015-07-12,16:07:05.157,33.775810193219854
2015-07-12,16:07:06.280,32.77898396353362
2015-07-12,16:07:07.351,33.15985469116646
2015-07-12,16:07:08.531,32.58802355345301
2015-07-12,16:07:09.544,33.62200326460027
2015-07-12,16:07:10.666,32.79078400308964
2015-07-12,16:07:11.787,32.26487835271598
2015-07-12,16:07:12.954,33.64565508522662
2015-07-12,16:07:14.035,32.09698383890702
2015-07-12,16:07:15.092,36.4468826398562
2015-07-12,16:07:16.174,35.510340030692305
2015-07-12,16:07:17.246,31.44696835311339
2015-07-12,16:07:18.372,33.32604781825637
2015-07-12,16:07:19.567,32.635796602127414
2015-07-12,16:07:20.640,32.13307874622069
2015-07-12,16:07:21.686,32.80282933648243
2015-07-12,16:07:22.757,32.75513311346475
2015-07-12,16:07:23.878,33.36147800455103
2015-07-12,16:07:25.007,32.79078400308964
2015-07-12,16:07:26.074,31.59166074954186
2015-07-12,16:07:27.189,32.16897194413929
2015-07-12,16:07:28.261,32.6476193346042
2015-07-12,16:07:29.383,32.90993729933632
2015-07-12,16:07:30.456,32.37257322369993
2015-07-12,16:07:31.577,33.34948398923564
2015-07-12,16:07:32.698,32.8502629949262
2015-07-12,16:07:33.770,33.016936539121616
2015-07-12,16:07:34.891,33.04072523557272
2015-07-12,16:07:35.964,32.587805774048434
2015-07-12,16:07:37.085,32.26471127411463
2015-07-12,16:07:38.158,32.9573327236684
2015-07-12,16:07:39.279,31.9767506004456
2015-07-12,16:07:40.400,32.93352598983245
2015-07-12,16:07:41.475,31.784331008055517
2015-07-12,16:07:42.594,31.8565302798969
2015-07-12,16:07:43.666,32.50406885908296
2015-07-12,16:07:44.787,33.75159360414813
2015-07-12,16:07:45.860,32.59965744388393
2015-07-12,16:07:46.983,32.384459129941206
2015-07-12,16:07:48.113,33.135604747709294
2015-07-12,16:07:49.175,33.0167260396243
2015-07-12,16:07:50.296,32.252662700312555
2015-07-12,16:07:51.369,32.58763279597804
2015-07-12,16:07:52.490,33.27808000960448
2015-07-12,16:07:53.594,32.43231957571015
2015-07-12,16:07:54.684,33.467743986451524
2015-07-12,16:07:55.756,32.61151789098477
2015-07-12,16:07:56.878,33.25434768303751
2015-07-12,16:07:58.000,31.507066146587647
2015-07-12,16:07:59.121,33.0167260396243
2015-07-12,16:08:00.192,31.531201698812534
2015-07-12,16:08:01.265,32.623387112110436
2015-07-12,16:08:02.386,33.05231386927511
2015-07-12,16:08:03.459,31.156459296882133
2015-07-12,16:08:04.580,30.378514145455657
2015-07-12,16:08:05.701,32.90953499999955
2015-07-12,16:08:06.774,34.105061072393255
2015-07-12,16:08:07.944,32.99277022004122
2015-07-12,16:08:08.967,30.877577735407726
2015-07-12,16:08:10.102,32.144646585252076
2015-07-12,16:08:11.161,35.93660794966331
2015-07-12,16:08:12.282,33.09971246320379
2015-07-12,16:08:13.403,33.34889926795006
2015-07-12,16:08:14.477,31.56735432646201
2015-07-12,16:08:15.599,31.265422948432843
2015-07-12,16:08:16.670,31.301681405780585
2015-07-12,16:08:17.791,31.494965773949332
2015-07-12,16:08:18.912,32.084648095853936
2015-07-12,16:08:19.985,31.482909017004488
2015-07-12,16:08:21.106,32.15662230310937
2015-07-12,16:08:22.178,32.42010089861736
2015-07-12,16:08:23.299,31.410464509653252
2015-07-12,16:08:24.372,33.20654643632287
2015-07-12,16:08:25.493,32.13263645608072
2015-07-12,16:08:26.615,28.82975703636845
2015-07-12,16:08:27.687,31.53117716304206
2015-07-12,16:08:28.808,31.57942278433933
2015-07-12,16:08:29.881,31.071716813910257
2015-07-12,16:08:31.002,32.26447935320459
2015-07-12,16:08:32.080,32.814033188215376
2015-07-12,16:08:33.196,32.43204326664517
2015-07-12,16:08:34.317,31.603586053255412
2015-07-12,16:08:35.390,31.675888987080384
2015-07-12,16:08:36.513,32.276457265252475
2015-07-12,16:08:37.618,32.348292044337086
2015-07-12,16:08:38.705,32.52766169665364
2015-07-12,16:08:39.777,31.15665833929847
2015-07-12,16:08:40.899,32.3363316611875
2015-07-12,16:08:42.021,32.38419727272367
2015-07-12,16:08:43.141,32.58738868785906
2015-07-12,16:08:44.213,42.08999967420311
2015-07-12,16:08:45.285,31.458935286253737
2015-07-12,16:08:46.408,28.892432076210753
2015-07-12,16:08:47.529,33.76271434535397
2015-07-12,16:08:48.639,31.458935286253737
2015-07-12,16:08:49.722,30.91442421564608
2015-07-12,16:08:50.794,31.08415756708746
2015-07-12,16:08:51.917,32.52769551124135
2015-07-12,16:08:53.039,33.691860371575274
2015-07-12,16:08:54.191,32.57546867553367
2015-07-12,16:08:55.230,30.57411724780013
2015-07-12,16:08:56.303,33.57366320921068
2015-07-12,16:08:57.425,32.31244357087604
2015-07-12,16:08:58.497,32.40816626110416
2015-07-12,16:08:59.664,32.2405935074907
2015-07-12,16:09:00.739,31.519337881627507
2015-07-12,16:09:01.812,32.31244357087604
2015-07-12,16:09:02.934,31.988783043473575
2015-07-12,16:09:04.015,31.338322587596167
2015-07-12,16:09:05.201,31.724274188542893
2015-07-12,16:09:06.248,31.7483484034766
2015-07-12,16:09:07.320,32.825938059579016
2015-07-12,16:09:08.442,31.70019437023268
2015-07-12,16:09:09.515,31.12058966198543
2015-07-12,16:09:10.679,33.087655385072196
2015-07-12,16:09:11.729,32.14482873553084
2015-07-12,16:09:12.829,31.856688103897113
2015-07-12,16:09:13.951,31.71231647628656
2015-07-12,16:09:15.024,31.808586604614675
2015-07-12,16:09:16.216,33.38427057264124
2015-07-12,16:09:17.230,31.952824095471783
2015-07-12,16:09:18.338,31.591852693530257
2015-07-12,16:09:19.413,31.567743089793566
2015-07-12,16:09:20.531,32.861695606103126
2015-07-12,16:09:21.690,32.252743579776904
2015-07-12,16:09:22.733,31.988932364962977
2015-07-12,16:09:23.847,31.604003030956108
2015-07-12,16:09:24.924,31.72444734361028
2015-07-12,16:09:26.040,31.86879567485414
2015-07-12,16:09:27.195,32.73068720988164
2015-07-12,16:09:28.237,32.00102933060549
2015-07-12,16:09:29.358,33.668230545533845
2015-07-12,16:09:30.430,32.33661871104249
2015-07-12,16:09:31.549,31.83282601689376
2015-07-12,16:09:32.680,32.240846876570345
2015-07-12,16:09:33.746,32.348670479743646
2015-07-12,16:09:34.817,31.91706781867225
2015-07-12,16:09:35.940,31.338783777765514
2015-07-12,16:09:37.015,32.44433858737864
2015-07-12,16:09:38.203,32.826131314979364
2015-07-12,16:09:39.251,33.02845630393335
2015-07-12,16:09:40.326,32.26498989953376
2015-07-12,16:09:41.447,31.616412593921385
2015-07-12,16:09:42.524,32.169160297507005
2015-07-12,16:09:43.696,31.47173057852376
2015-07-12,16:09:44.714,30.866698276682257
2015-07-12,16:09:45.835,31.797114845874773
2015-07-12,16:09:46.956,31.784952856522523
2015-07-12,16:09:48.028,31.339082016030773
2015-07-12,16:09:49.214,33.49101502911185
2015-07-12,16:09:50.222,32.444536560113306
2015-07-12,16:09:51.341,31.67677644157169
2015-07-12,16:09:52.414,32.133319987330424
2015-07-12,16:09:53.535,31.544398951501535
2015-07-12,16:09:54.656,32.52827827511618
2015-07-12,16:09:55.729,31.423771268406657
2015-07-12,16:09:56.850,32.14543646861506
2015-07-12,16:09:57.922,32.492571627555094
2015-07-12,16:09:59.044,31.628918721451896
2015-07-12,16:10:00.116,32.181526904720386
2015-07-12,16:10:01.237,31.36358077845472
2015-07-12,16:10:02.359,32.03765235232021
2015-07-12,16:10:03.431,32.25338933319881
2015-07-12,16:10:04.552,31.97780497024723
2015-07-12,16:10:05.626,32.480762117325185
2015-07-12,16:10:06.746,32.337308933076486
2015-07-12,16:10:07.818,31.929776700953596
2015-07-12,16:10:08.941,31.64113812339349
2015-07-12,16:10:10.061,32.133906679193785
2015-07-12,16:10:11.133,31.725589715659453
2015-07-12,16:10:12.257,31.36396694979669
2015-07-12,16:10:13.327,31.36396694979669
2015-07-12,16:10:14.448,32.68378697256662
2015-07-12,16:10:15.521,32.82675601477473
2015-07-12,16:10:16.642,31.701520834015355
2015-07-12,16:10:17.763,32.65993964596663
2015-07-12,16:10:18.836,31.761874258996443
2015-07-12,16:10:19.957,32.43327734462554
2015-07-12,16:10:21.033,31.930133503048296
2015-07-12,16:10:22.151,32.24189143487217
2015-07-12,16:10:23.259,31.906113207549534
2015-07-12,16:10:24.344,31.46094577115116
2015-07-12,16:10:25.467,33.0648772244042
2015-07-12,16:10:26.538,32.517066156082024
2015-07-12,16:10:27.659,32.63640163706907
2015-07-12,16:10:28.779,31.96634707990711
2015-07-12,16:10:29.853,31.617864368102403
2015-07-12,16:10:30.929,34.05807299893877
2015-07-12,16:10:32.047,34.269606837912136
2015-07-12,16:10:33.168,33.751764680583335
2015-07-12,16:10:34.247,31.304245372853757
2015-07-12,16:10:35.362,32.88672323762103
2015-07-12,16:10:36.435,33.94036858725315
2015-07-12,16:10:37.556,32.77976975208895
2015-07-12,16:10:38.678,32.08672762577754
2015-07-12,16:10:39.788,29.50063148255168
2015-07-12,16:10:40.870,32.87499955158239
2015-07-12,16:10:41.943,32.09893711024927
2015-07-12,16:10:43.064,32.026989579980125
2015-07-12,16:10:44.137,31.18388433982705
2015-07-12,16:10:45.259,30.783739437718907
2015-07-12,16:10:46.379,32.52957653057058
2015-07-12,16:10:47.452,34.25798911931611
2015-07-12,16:10:48.573,32.720399407176956
2015-07-12,16:10:49.645,32.57731515429907
2015-07-12,16:10:50.767,32.36231812816533
2015-07-12,16:10:51.839,31.654714931651597
2015-07-12,16:10:52.961,32.183041276908114
2015-07-12,16:10:54.082,32.183041276908114
2015-07-12,16:10:55.154,32.5894561986164
2015-07-12,16:10:56.275,32.827782235527366
2015-07-12,16:10:57.348,32.851584780260566
2015-07-12,16:10:58.469,31.94322711163676
2015-07-12,16:10:59.591,32.851584780260566
2015-07-12,16:11:00.663,32.027472112655914
2015-07-12,16:11:01.784,33.19630355233562
2015-07-12,16:11:02.857,32.17130397665039
2015-07-12,16:11:03.978,32.64930726858728
2015-07-12,16:11:05.050,32.386678153597245
2015-07-12,16:11:06.176,31.715149323027788
2015-07-12,16:11:07.293,33.705218372312174
2015-07-12,16:11:08.365,31.48659890657757
2015-07-12,16:11:09.486,31.87169380850969
2015-07-12,16:11:10.601,31.196833437357157
2015-07-12,16:11:11.680,31.390100680218836
2015-07-12,16:11:12.824,34.199711716106776
2015-07-12,16:11:14.042,32.470551740933274
2015-07-12,16:11:14.995,31.847667324629185
2015-07-12,16:11:16.068,32.613764374149696
2015-07-12,16:11:17.189,32.86414268328224
2015-07-12,16:11:18.646,33.36261555889098
2015-07-12,16:11:19.574,32.79273669191838
2015-07-12,16:11:20.527,32.41107297124216
2015-07-12,16:11:21.576,32.21971320809132
2015-07-12,16:11:22.697,32.67361748111563
2015-07-12,16:11:23.993,32.53049374969618
2015-07-12,16:11:24.891,32.53049374969618
2015-07-12,16:11:25.967,33.03056603590795
2015-07-12,16:11:27.286,31.49894870208766
2015-07-12,16:11:28.206,33.78798544078245
2015-07-12,16:11:29.399,31.90799791784605
2015-07-12,16:11:30.400,31.23340483437039
2015-07-12,16:11:31.507,32.33935444477925
2015-07-12,16:11:32.594,32.95927437963377
2015-07-12,16:11:33.668,32.45885778248817
2015-07-12,16:11:34.919,32.23195458063498
2015-07-12,16:11:35.909,32.07596116694742
2015-07-12,16:11:36.984,32.41107297124216
2015-07-12,16:11:38.102,33.25622476906091
2015-07-12,16:11:39.179,33.2678523955077
2015-07-12,16:11:40.378,31.944297358774406
2015-07-12,16:11:41.373,31.932009354819343
2015-07-12,16:11:42.492,33.37467330246312
2015-07-12,16:11:43.611,33.19672332670075
2015-07-12,16:11:44.686,32.123900678407665
2015-07-12,16:11:45.834,31.571251504265717
2015-07-12,16:11:46.881,32.315437241390214
2015-07-12,16:11:48.001,32.566548756325176
2015-07-12,16:11:49.074,31.90799791784605
2015-07-12,16:11:50.195,33.16136873160349
2015-07-12,16:11:51.325,32.18406714142759
2015-07-12,16:11:52.390,33.018922220247646
2015-07-12,16:11:53.509,33.303620366764335
2015-07-12,16:11:54.582,32.399386612903754
2015-07-12,16:11:55.704,31.920289821053416
2015-07-12,16:11:56.859,32.1601151207895
2015-07-12,16:11:57.898,32.900067474340744
2015-07-12,16:11:58.972,32.04027188619477
2015-07-12,16:12:00.092,34.31744339286911
2015-07-12,16:12:01.209,31.53540982666192
2015-07-12,16:12:02.347,33.32731007054133
2015-07-12,16:12:03.408,31.318283655775076
2015-07-12,16:12:04.500,32.73344203685514
2015-07-12,16:12:05.601,33.16136873160349
2015-07-12,16:12:06.671,32.518815623659975
2015-07-12,16:12:07.866,32.18406714142759
2015-07-12,16:12:08.914,32.1601151207895
2015-07-12,16:12:09.987,31.48719896934097
2015-07-12,16:12:11.105,32.04027188619477
2015-07-12,16:12:12.178,32.423283418918345
2015-07-12,16:12:13.299,32.73344203685514
2015-07-12,16:12:14.372,33.350994381473924
2015-07-12,16:12:15.493,32.70961656191099
2015-07-12,16:12:16.614,32.18406714142759
2015-07-12,16:12:17.687,31.920289821053416
2015-07-12,16:12:18.808,32.9713966347951
2015-07-12,16:12:19.880,31.607683988268377
2015-07-12,16:12:21.001,32.31598273080789
2015-07-12,16:12:22.079,31.77612755045226
2015-07-12,16:12:23.195,32.959760433255894
2015-07-12,16:12:24.316,32.244204645416346
2015-07-12,16:12:25.389,31.668182351159828
2015-07-12,16:12:26.510,33.00728926497294
2015-07-12,16:12:27.583,33.67042219914663
2015-07-12,16:12:28.704,30.882657153353193
2015-07-12,16:12:29.778,29.687370496769745
2015-07-12,16:12:30.898,37.14143121919216
2015-07-12,16:12:32.019,31.23340483437039
2015-07-12,16:12:33.092,32.47106051916387
2015-07-12,16:12:34.213,31.920289821053416
2015-07-12,16:12:35.285,32.04027188619477
2015-07-12,16:12:36.443,31.872258037227027
2015-07-12,16:12:37.479,33.7763930972331
2015-07-12,16:12:38.600,33.27992526723955
2015-07-12,16:12:39.721,31.83652017681078
2015-07-12,16:12:40.794,32.02857160707299
2015-07-12,16:12:41.915,31.427223471279778
2015-07-12,16:12:42.988,33.67042219914663
2015-07-12,16:12:44.109,33.31569812289342
2015-07-12,16:12:45.181,34.22354902914532
2015-07-12,16:12:46.302,32.31598273080789
2015-07-12,16:12:47.520,32.016286591768335
2015-07-12,16:12:48.496,32.61425994103746
2015-07-12,16:12:49.619,35.51899238485464
2015-07-12,16:12:50.691,30.906906924096575
2015-07-12,16:12:51.813,32.79323808275791
2015-07-12,16:12:52.915,33.64681148839236
2015-07-12,16:12:54.005,32.14842314005034
2015-07-12,16:12:55.127,33.00728926497294
2015-07-12,16:12:56.199,33.031045531753534
2015-07-12,16:12:57.320,32.935987862443994
2015-07-12,16:12:58.417,31.95659406104517
2015-07-12,16:12:59.514,35.19377094318321
2015-07-12,16:13:00.586,32.67412985786865
2015-07-12,16:13:01.709,31.716306827164143
2015-07-12,16:13:02.831,31.83652017681078
2015-07-12,16:13:03.957,32.781601364452285
2015-07-12,16:13:05.024,33.0906661522929
2015-07-12,16:13:06.095,31.752701246445213
2015-07-12,16:13:07.216,34.329360202611724
2015-07-12,16:13:08.288,33.753240847141456
2015-07-12,16:13:09.410,33.65884511146072
2015-07-12,16:13:10.531,32.87679618736695
2015-07-12,16:13:11.604,32.66248498102118
2015-07-12,16:13:12.725,33.04317751547973
2015-07-12,16:13:13.797,32.900581267197424
2015-07-12,16:13:14.918,32.51936464446857
2015-07-12,16:13:15.994,32.60316287051779
2015-07-12,16:13:17.112,32.48384660638487
2015-07-12,16:13:18.233,30.992790402851657
2015-07-12,16:13:19.306,31.98121354725424
2015-07-12,16:13:20.427,33.197696231153714
2015-07-12,16:13:21.499,32.34048569224706
2015-07-12,16:13:22.518,32.61538493019168
2015-07-12,16:13:23.724,31.94554689299531
2015-07-12,16:13:24.697,32.30492688889859
2015-07-12,16:13:25.819,33.138669470436525
2015-07-12,16:13:26.891,32.10176440154203
2015-07-12,16:13:28.012,33.19824933918267
2015-07-12,16:13:29.085,32.7943745443975
2015-07-12,16:13:30.206,32.77056823915876
2015-07-12,16:13:31.359,31.1028791142316
2015-07-12,16:13:32.708,33.494498023462256
2015-07-12,16:13:33.521,33.77782587447115
2015-07-12,16:13:34.594,31.93460250135189
2015-07-12,16:13:35.715,32.96148563674126
2015-07-12,16:13:36.873,33.88414811740023
2015-07-12,16:13:37.908,34.236351868654765
2015-07-12,16:13:39.030,33.19824933918267
2015-07-12,16:13:40.102,33.05588444201453
2015-07-12,16:13:41.223,32.98462881119963
2015-07-12,16:13:42.378,45.31476293792264
2015-07-12,16:13:43.417,34.36563040143028
2015-07-12,16:13:44.538,31.814534491502513
2015-07-12,16:13:45.611,29.837019539823817
2015-07-12,16:13:46.735,30.118762119601055
2015-07-12,16:13:47.879,30.069899155250255
2015-07-12,16:13:48.926,31.79050416636443
2015-07-12,16:13:50.001,33.36467794429825
2015-07-12,16:13:51.120,29.739944409415216
2015-07-12,16:13:52.241,38.19844131914158
2015-07-12,16:13:53.376,27.344774663343287
2015-07-12,16:13:54.435,26.34913337262219
2015-07-12,16:13:55.509,31.982590741564422
2015-07-12,16:13:56.628,31.982590741564422
2015-07-12,16:13:57.704,32.52127949820954
2015-07-12,16:13:58.833,31.82692719244471
2015-07-12,16:13:59.946,32.807243260154564
2015-07-12,16:14:01.018,31.550690014888065
2015-07-12,16:14:02.147,33.37682008420791
2015-07-12,16:14:03.212,33.104618173965775
2015-07-12,16:14:04.362,32.79568917164971
2015-07-12,16:14:05.407,31.887356811691404
2015-07-12,16:14:06.527,32.29470005731196
2015-07-12,16:14:07.646,32.03130799824123
2015-07-12,16:14:08.725,32.163473909704635
2015-07-12,16:14:09.885,31.370304643898237
2015-07-12,16:14:10.915,32.04368674014472
2015-07-12,16:14:12.036,31.899759022289572
2015-07-12,16:14:13.109,33.33012634048043
2015-07-12,16:14:14.229,30.205620578930564
2015-07-12,16:14:15.410,31.58722733087035
2015-07-12,16:14:16.423,31.17710144176556
2015-07-12,16:14:17.542,32.65353355729803
2015-07-12,16:14:18.619,33.046347810336954
2015-07-12,16:14:19.739,32.80868922319735
2015-07-12,16:14:20.869,32.17666893343295
2015-07-12,16:14:21.933,32.320194085349215
2015-07-12,16:14:23.004,34.74166067595263
2015-07-12,16:14:24.127,32.95134959987706
2015-07-12,16:14:25.244,32.451178337824444
2015-07-12,16:14:26.395,29.950624270994012
2015-07-12,16:14:27.438,30.644870897348653
2015-07-12,16:14:28.510,31.49174308854225
2015-07-12,16:14:29.632,32.3918822143757
2015-07-12,16:14:30.704,31.720856206770293
2015-07-12,16:14:31.826,30.948601243820747
2015-07-12,16:14:32.949,32.00897127779524
2015-07-12,16:14:34.019,30.82741296222173
2015-07-12,16:14:35.140,32.16513041040099
2015-07-12,16:14:36.213,31.275573801720157
2015-07-12,16:14:37.334,31.853454190033855
2015-07-12,16:14:38.406,32.61897770387958
2015-07-12,16:14:39.528,29.374782525522164
2015-07-12,16:14:40.600,31.15477427729104
2015-07-12,16:14:41.722,33.047115199838686
2015-07-12,16:14:42.843,31.432879272470643
2015-07-12,16:14:43.920,30.949590309440396
2015-07-12,16:14:45.036,33.36745013118042
2015-07-12,16:14:46.109,41.88609789777087
2015-07-12,16:14:47.230,34.44900320748576
2015-07-12,16:14:48.303,31.273748213720808
2015-07-12,16:14:49.424,30.633214998060566
2015-07-12,16:14:50.550,31.709286535991964
2015-07-12,16:14:51.618,30.52432697836622
2015-07-12,16:14:52.739,29.829352415645474
2015-07-12,16:14:53.811,31.03483669165837
2015-07-12,16:14:54.936,31.373082768339827
2015-07-12,16:14:56.005,31.72273131811835
2015-07-12,16:14:57.126,31.65059082284029
2015-07-12,16:14:58.247,31.313268087180177
2015-07-12,16:14:59.320,32.42899643806675
2015-07-12,16:15:00.441,30.841054428050143
2015-07-12,16:15:01.514,34.18098033887202
2015-07-12,16:15:02.635,33.66319384044658
2015-07-12,16:15:03.707,30.744026607489445
2015-07-12,16:15:04.829,32.094190434971324
2015-07-12,16:15:05.952,32.61982993415353
2015-07-12,16:15:07.022,30.98642523476593
2015-07-12,16:15:08.143,31.770797050095723
2015-07-12,16:15:09.224,32.08268143157801
2015-07-12,16:15:10.337,32.45378245595168
2015-07-12,16:15:11.430,31.22928559447797
2015-07-12,16:15:12.531,33.048783219111556
2015-07-12,16:15:13.652,31.687165865317752
2015-07-12,16:15:14.725,30.34450861961227
2015-07-12,16:15:15.846,31.79581938221952
2015-07-12,16:15:16.954,34.63886644898827
2015-07-12,16:15:18.040,35.99695162591581
2015-07-12,16:15:19.161,33.6395968596737
2015-07-12,16:15:20.234,35.79977588788512
2015-07-12,16:15:21.355,30.549696574005395
2015-07-12,16:15:22.448,34.0642878656102
2015-07-12,16:15:23.548,35.31445900626875
2015-07-12,16:15:24.621,42.12601586100226
2015-07-12,16:15:25.742,40.003850217407376
2015-07-12,16:15:26.863,38.67416701305331
2015-07-12,16:15:27.962,38.2911339446008
2015-07-12,16:15:29.057,37.40713527330928
2015-07-12,16:15:30.130,37.58907228062537
2015-07-12,16:15:31.251,39.53672293593644
2015-07-12,16:15:32.324,45.17447410437256
2015-07-12,16:15:33.463,49.582371369310295
2015-07-12,16:15:34.566,35.37356961559527
2015-07-12,16:15:35.638,41.020947797931626
2015-07-12,16:15:36.759,35.39677223901373
2015-07-12,16:15:37.840,48.00527015996562
2015-07-12,16:15:38.986,43.86478775911769
2015-07-12,16:15:40.037,33.3113041063711
2015-07-12,16:15:41.147,35.499415586865666
2015-07-12,16:15:42.268,36.78917821898233
2015-07-12,16:15:43.341,36.12293056505939
2015-07-12,16:15:44.467,39.46884588295137
2015-07-12,16:15:45.546,32.08087494604803
2015-07-12,16:15:46.656,27.52784295154123
2015-07-12,16:15:47.777,33.01362557459515
2015-07-12,16:15:48.849,35.37284303623841
2015-07-12,16:15:50.002,38.53872142449097
2015-07-12,16:15:51.046,35.50006480186653
2015-07-12,16:15:52.164,31.03588513020776
2015-07-12,16:15:53.239,34.8836229932939
2015-07-12,16:15:54.358,30.68179879513343
