2015-07-12,15:43:28.494,34.5
2015-07-12,15:43:29.566,34.40625
2015-07-12,15:43:30.683,34.375
2015-07-12,15:43:31.805,34.46875
2015-07-12,15:43:32.923,34.59375
2015-07-12,15:43:33.998,34.65625
2015-07-12,15:43:35.075,34.71875
2015-07-12,15:43:36.193,34.78125
2015-07-12,15:43:37.264,34.8125
2015-07-12,15:43:38.386,34.875
2015-07-12,15:43:39.507,34.90625
2015-07-12,15:43:40.583,34.78125
2015-07-12,15:43:41.710,34.71875
2015-07-12,15:43:42.773,34.71875
2015-07-12,15:43:43.894,34.90625
2015-07-12,15:43:44.967,34.9375
2015-07-12,15:43:46.140,34.8125
2015-07-12,15:43:47.210,34.8125
2015-07-12,15:43:48.282,34.84375
2015-07-12,15:43:49.403,35.0
2015-07-12,15:43:50.475,35.0625
2015-07-12,15:43:51.600,35.09375
2015-07-12,15:43:52.669,35.125
2015-07-12,15:43:53.790,35.15625
2015-07-12,15:43:54.912,34.96875
2015-07-12,15:43:55.984,34.9375
2015-07-12,15:43:57.105,34.90625
2015-07-12,15:43:58.178,35.03125
2015-07-12,15:43:59.299,35.125
2015-07-12,15:44:00.436,35.1875
2015-07-12,15:44:01.188,35.21875
2015-07-12,15:44:02.321,35.25
2015-07-12,15:44:03.381,35.28125
2015-07-12,15:44:04.503,35.3125
2015-07-12,15:44:05.648,35.25
2015-07-12,15:44:06.696,35.34375
2015-07-12,15:44:07.775,35.375
2015-07-12,15:44:08.893,35.40625
2015-07-12,15:44:10.011,35.4375
2015-07-12,15:44:11.147,35.40625
2015-07-12,15:44:12.986,35.4375
2015-07-12,15:44:14.057,35.46875
2015-07-12,15:44:15.183,35.5
2015-07-12,15:44:16.296,35.53125
2015-07-12,15:44:17.435,35.5625
2015-07-12,15:44:18.493,35.5625
2015-07-12,15:44:19.562,35.59375
2015-07-12,15:44:20.686,35.625
2015-07-12,15:44:21.756,35.65625
2015-07-12,15:44:22.877,35.6875
2015-07-12,15:44:23.998,35.6875
2015-07-12,15:44:25.075,35.71875
2015-07-12,15:44:26.193,35.71875
2015-07-12,15:44:27.266,35.75
2015-07-12,15:44:28.386,35.78125
2015-07-12,15:44:29.474,35.8125
2015-07-12,15:44:30.580,35.8125
2015-07-12,15:44:31.701,35.8125
2015-07-12,15:44:32.773,35.875
2015-07-12,15:44:33.895,35.875
2015-07-12,15:44:34.987,35.90625
2015-07-12,15:44:36.088,35.9375
2015-07-12,15:44:37.161,35.9375
2015-07-12,15:44:38.282,35.96875
2015-07-12,15:44:39.404,35.75
2015-07-12,15:44:40.476,35.71875
2015-07-12,15:44:41.597,35.9375
2015-07-12,15:44:42.670,35.75
2015-07-12,15:44:43.828,35.90625
2015-07-12,15:44:44.939,35.9375
2015-07-12,15:44:46.038,35.78125
2015-07-12,15:44:47.143,35.96875
2015-07-12,15:44:48.214,35.96875
2015-07-12,15:44:49.336,36.0
2015-07-12,15:44:50.408,36.0
2015-07-12,15:44:51.530,36.03125
2015-07-12,15:44:52.651,35.875
2015-07-12,15:44:53.723,36.03125
2015-07-12,15:44:54.844,36.0625
2015-07-12,15:44:55.917,36.0625
2015-07-12,15:44:57.040,35.875
2015-07-12,15:44:58.173,35.84375
2015-07-12,15:44:59.232,36.0
2015-07-12,15:45:00.353,36.03125
2015-07-12,15:45:01.426,36.03125
2015-07-12,15:45:02.547,36.0625
2015-07-12,15:45:03.619,36.0625
2015-07-12,15:45:04.741,36.09375
2015-07-12,15:45:05.862,36.125
2015-07-12,15:45:06.934,36.125
2015-07-12,15:45:08.073,36.15625
2015-07-12,15:45:09.132,36.15625
2015-07-12,15:45:10.250,36.1875
2015-07-12,15:45:11.371,36.21875
2015-07-12,15:45:12.443,36.25
2015-07-12,15:45:13.564,36.25
2015-07-12,15:45:14.637,36.28125
2015-07-12,15:45:15.758,36.28125
2015-07-12,15:45:16.831,36.3125
2015-07-12,15:45:17.952,36.3125
2015-07-12,15:45:19.076,36.3125
2015-07-12,15:45:20.148,36.34375
2015-07-12,15:45:21.266,36.375
2015-07-12,15:45:22.393,36.375
2015-07-12,15:45:23.460,36.40625
2015-07-12,15:45:24.549,36.4375
2015-07-12,15:45:25.655,36.4375
2015-07-12,15:45:26.800,36.46875
2015-07-12,15:45:28.118,36.34375
2015-07-12,15:45:28.969,36.5
2015-07-12,15:45:39.596,36.6875
2015-07-12,15:45:40.719,36.6875
2015-07-12,15:45:41.790,36.6875
2015-07-12,15:45:42.956,36.71875
2015-07-12,15:45:44.006,36.71875
2015-07-12,15:45:45.105,36.75
2015-07-12,15:45:46.178,36.78125
2015-07-12,15:45:47.299,36.78125
2015-07-12,15:45:48.372,36.8125
2015-07-12,15:45:49.656,36.8125
2015-07-12,15:45:50.703,36.84375
2015-07-12,15:45:51.686,36.84375
2015-07-12,15:45:52.807,36.875
2015-07-12,15:45:53.880,36.875
2015-07-12,15:45:55.001,36.90625
2015-07-12,15:45:56.122,36.90625
2015-07-12,15:45:57.197,36.9375
2015-07-12,15:45:58.322,36.9375
2015-07-12,15:45:59.389,36.96875
2015-07-12,15:46:00.563,36.96875
2015-07-12,15:46:01.582,36.96875
2015-07-12,15:46:02.752,37.0
2015-07-12,15:46:03.776,37.03125
2015-07-12,15:46:04.897,37.03125
2015-07-12,15:46:06.018,37.0625
2015-07-12,15:46:07.303,37.0625
2015-07-12,15:46:08.212,37.09375
2015-07-12,15:46:09.301,37.09375
2015-07-12,15:46:10.406,37.09375
2015-07-12,15:46:11.613,37.125
2015-07-12,15:46:12.694,37.15625
2015-07-12,15:46:13.734,37.15625
2015-07-12,15:46:14.797,37.1875
2015-07-12,15:46:15.915,37.1875
2015-07-12,15:46:17.017,37.21875
2015-07-12,15:46:18.108,37.25
2015-07-12,15:46:19.181,37.25
2015-07-12,15:46:20.402,37.28125
2015-07-12,15:46:21.424,37.28125
2015-07-12,15:46:22.718,37.3125
2015-07-12,15:46:23.617,37.3125
2015-07-12,15:46:24.729,37.34375
2015-07-12,15:46:25.811,37.34375
2015-07-12,15:46:26.883,37.375
2015-07-12,15:46:28.045,37.375
2015-07-12,15:46:29.530,37.40625
2015-07-12,15:46:30.722,37.40625
2015-07-12,15:46:31.320,37.4375
2015-07-12,15:46:32.392,37.4375
2015-07-12,15:46:33.810,37.46875
2015-07-12,15:46:35.212,37.46875
2015-07-12,15:46:35.707,37.5
2015-07-12,15:46:36.828,37.53125
2015-07-12,15:46:37.900,37.53125
2015-07-12,15:46:39.240,37.5625
2015-07-12,15:46:40.623,37.5625
2015-07-12,15:46:41.780,37.5625
2015-07-12,15:46:42.292,37.5625
2015-07-12,15:46:43.409,37.59375
2015-07-12,15:46:44.562,37.625
2015-07-12,15:46:45.603,37.65625
2015-07-12,15:46:46.724,37.65625
2015-07-12,15:46:47.801,37.6875
2015-07-12,15:46:48.918,37.71875
2015-07-12,15:46:50.071,37.71875
2015-07-12,15:46:51.112,37.75
2015-07-12,15:46:52.190,37.71875
2015-07-12,15:46:53.340,37.75
2015-07-12,15:46:54.427,37.75
2015-07-12,15:46:55.580,37.78125
2015-07-12,15:46:56.620,37.78125
2015-07-12,15:46:57.695,37.78125
2015-07-12,15:46:58.814,37.8125
2015-07-12,15:46:59.891,37.8125
2015-07-12,15:47:01.079,37.84375
2015-07-12,15:47:02.129,37.84375
2015-07-12,15:47:03.204,37.875
2015-07-12,15:47:04.323,37.875
2015-07-12,15:47:05.399,37.90625
2015-07-12,15:47:06.533,37.90625
2015-07-12,15:47:07.592,37.90625
2015-07-12,15:47:08.716,37.9375
2015-07-12,15:47:09.832,37.9375
2015-07-12,15:47:10.908,37.9375
2015-07-12,15:47:12.061,37.96875
2015-07-12,15:47:13.102,37.96875
2015-07-12,15:47:14.219,38.0
2015-07-12,15:47:15.294,38.0
2015-07-12,15:47:16.468,38.03125
2015-07-12,15:47:17.557,38.03125
2015-07-12,15:47:18.609,38.0625
2015-07-12,15:47:19.728,38.09375
2015-07-12,15:47:20.805,38.09375
2015-07-12,15:47:21.931,38.125
2015-07-12,15:47:23.050,38.15625
2015-07-12,15:47:24.118,38.1875
2015-07-12,15:47:25.191,38.21875
2015-07-12,15:47:26.311,38.21875
2015-07-12,15:47:27.430,38.25
2015-07-12,15:47:28.578,38.28125
2015-07-12,15:47:29.628,38.3125
2015-07-12,15:47:30.699,38.125
2015-07-12,15:47:31.824,38.09375
2015-07-12,15:47:32.894,38.1875
2015-07-12,15:47:34.109,38.28125
2015-07-12,15:47:35.134,38.28125
2015-07-12,15:47:36.205,38.125
2015-07-12,15:47:37.326,38.09375
2015-07-12,15:47:38.399,38.0625
2015-07-12,15:47:39.520,38.0625
2015-07-12,15:47:40.695,38.03125
2015-07-12,15:47:41.713,38.03125
2015-07-12,15:47:42.835,38.0
2015-07-12,15:47:43.907,38.15625
2015-07-12,15:47:45.028,38.21875
2015-07-12,15:47:46.117,38.25
2015-07-12,15:47:47.222,38.28125
2015-07-12,15:47:48.343,38.3125
2015-07-12,15:47:49.416,38.375
2015-07-12,15:47:50.537,38.21875
2015-07-12,15:47:51.625,38.375
2015-07-12,15:47:52.731,38.40625
2015-07-12,15:47:53.852,38.28125
2015-07-12,15:47:54.925,38.25
2015-07-12,15:47:56.046,38.34375
2015-07-12,15:47:57.144,38.4375
2015-07-12,15:47:58.239,38.46875
2015-07-12,15:47:59.312,38.34375
2015-07-12,15:48:00.433,38.28125
2015-07-12,15:48:01.554,38.28125
2015-07-12,15:48:02.645,38.25
2015-07-12,15:48:03.748,38.40625
2015-07-12,15:48:04.821,38.28125
2015-07-12,15:48:05.945,38.28125
2015-07-12,15:48:07.014,38.25
2015-07-12,15:48:08.149,38.46875
2015-07-12,15:48:09.257,38.28125
2015-07-12,15:48:10.329,38.28125
2015-07-12,15:48:11.456,38.40625
2015-07-12,15:48:12.523,38.46875
2015-07-12,15:48:13.664,38.5
2015-07-12,15:48:14.766,38.53125
2015-07-12,15:48:15.845,38.5625
2015-07-12,15:48:16.964,38.59375
2015-07-12,15:48:18.032,38.59375
2015-07-12,15:48:19.176,38.625
2015-07-12,15:48:20.229,38.65625
2015-07-12,15:48:21.347,38.6875
2015-07-12,15:48:22.421,38.71875
2015-07-12,15:48:23.541,38.71875
2015-07-12,15:48:24.680,38.75
2015-07-12,15:48:25.738,38.75
2015-07-12,15:48:26.855,38.78125
2015-07-12,15:48:27.932,38.78125
2015-07-12,15:48:29.049,38.8125
2015-07-12,15:48:30.188,38.71875
2015-07-12,15:48:31.246,38.78125
2015-07-12,15:48:32.364,38.8125
2015-07-12,15:48:33.440,38.71875
2015-07-12,15:48:34.560,38.625
2015-07-12,15:48:35.725,38.75
2015-07-12,15:48:36.751,38.78125
2015-07-12,15:48:37.826,38.75
2015-07-12,15:48:38.949,38.78125
2015-07-12,15:48:40.066,38.78125
2015-07-12,15:48:41.216,38.78125
2015-07-12,15:48:42.260,38.71875
2015-07-12,15:48:43.335,38.65625
2015-07-12,15:48:44.454,38.65625
2015-07-12,15:48:45.529,38.625
2015-07-12,15:48:46.723,38.625
2015-07-12,15:48:47.769,38.71875
2015-07-12,15:48:48.844,38.75
2015-07-12,15:48:49.964,38.75
2015-07-12,15:48:51.044,38.75
2015-07-12,15:48:52.162,38.65625
2015-07-12,15:48:53.234,38.75
2015-07-12,15:48:54.353,38.78125
2015-07-12,15:48:55.471,38.8125
2015-07-12,15:48:56.547,38.84375
2015-07-12,15:48:57.759,38.84375
2015-07-12,15:48:58.740,38.875
2015-07-12,15:48:59.862,38.875
2015-07-12,15:49:00.933,38.90625
2015-07-12,15:49:02.055,38.90625
2015-07-12,15:49:03.189,38.9375
2015-07-12,15:49:04.249,38.9375
2015-07-12,15:49:05.370,38.9375
2015-07-12,15:49:06.443,38.96875
2015-07-12,15:49:07.564,38.96875
2015-07-12,15:49:08.704,38.96875
2015-07-12,15:49:09.758,38.96875
2015-07-12,15:49:10.878,39.0
2015-07-12,15:49:11.951,39.0
2015-07-12,15:49:13.073,39.03125
2015-07-12,15:49:14.211,39.03125
2015-07-12,15:49:15.266,39.03125
2015-07-12,15:49:16.339,39.03125
2015-07-12,15:49:17.461,39.03125
2015-07-12,15:49:18.583,39.0625
2015-07-12,15:49:19.736,39.0625
2015-07-12,15:49:20.775,39.09375
2015-07-12,15:49:21.847,39.09375
2015-07-12,15:49:22.972,39.09375
2015-07-12,15:49:24.041,39.125
2015-07-12,15:49:25.241,39.125
2015-07-12,15:49:26.283,39.125
2015-07-12,15:49:27.358,39.15625
2015-07-12,15:49:28.477,39.15625
2015-07-12,15:49:29.549,39.15625
2015-07-12,15:49:30.746,39.125
2015-07-12,15:49:31.745,39.03125
2015-07-12,15:49:32.864,39.0
2015-07-12,15:49:33.986,39.125
2015-07-12,15:49:35.059,39.125
2015-07-12,15:49:36.242,39.125
2015-07-12,15:49:37.252,39.15625
2015-07-12,15:49:38.374,39.1875
2015-07-12,15:49:39.492,39.1875
2015-07-12,15:49:40.570,39.1875
2015-07-12,15:49:41.756,39.21875
2015-07-12,15:49:42.761,39.21875
2015-07-12,15:49:43.882,39.25
2015-07-12,15:49:44.954,39.25
2015-07-12,15:49:46.077,39.28125
2015-07-12,15:49:47.278,39.28125
2015-07-12,15:49:48.270,39.28125
2015-07-12,15:49:49.390,39.3125
2015-07-12,15:49:50.466,39.3125
2015-07-12,15:49:51.584,39.34375
2015-07-12,15:49:52.719,39.375
2015-07-12,15:49:53.780,39.34375
2015-07-12,15:49:54.899,39.375
2015-07-12,15:49:55.974,39.40625
2015-07-12,15:49:57.093,39.40625
2015-07-12,15:49:58.234,39.4375
2015-07-12,15:49:59.292,39.4375
2015-07-12,15:50:00.359,39.4375
2015-07-12,15:50:01.481,39.46875
2015-07-12,15:50:02.603,39.46875
2015-07-12,15:50:03.751,39.5
2015-07-12,15:50:04.795,39.5
2015-07-12,15:50:05.868,39.53125
2015-07-12,15:50:06.992,39.53125
2015-07-12,15:50:08.108,39.53125
2015-07-12,15:50:09.252,39.5625
2015-07-12,15:50:10.304,39.5625
2015-07-12,15:50:11.378,39.5625
2015-07-12,15:50:12.499,39.59375
2015-07-12,15:50:13.573,39.59375
2015-07-12,15:50:14.784,39.59375
2015-07-12,15:50:15.816,39.59375
2015-07-12,15:50:16.887,39.625
2015-07-12,15:50:18.084,39.625
2015-07-12,15:50:19.076,39.65625
2015-07-12,15:50:20.197,39.65625
2015-07-12,15:50:21.319,39.65625
2015-07-12,15:50:22.392,39.65625
2015-07-12,15:50:23.513,39.6875
2015-07-12,15:50:24.585,39.6875
2015-07-12,15:50:25.706,39.6875
2015-07-12,15:50:26.803,39.71875
2015-07-12,15:50:27.900,39.71875
2015-07-12,15:50:29.021,39.71875
2015-07-12,15:50:30.094,39.75
2015-07-12,15:50:31.215,39.75
2015-07-12,15:50:32.295,39.78125
2015-07-12,15:50:33.410,39.78125
2015-07-12,15:50:34.530,39.8125
2015-07-12,15:50:35.602,39.6875
2015-07-12,15:50:36.724,39.59375
2015-07-12,15:50:37.819,39.5625
2015-07-12,15:50:38.917,39.75
2015-07-12,15:50:39.990,39.75
2015-07-12,15:50:41.114,39.75
2015-07-12,15:50:42.184,39.78125
2015-07-12,15:50:43.328,39.8125
2015-07-12,15:50:44.426,39.8125
2015-07-12,15:50:45.505,39.84375
2015-07-12,15:50:46.620,39.84375
2015-07-12,15:50:47.692,39.84375
2015-07-12,15:50:48.824,39.71875
2015-07-12,15:50:49.935,39.71875
2015-07-12,15:50:51.007,39.8125
2015-07-12,15:50:52.128,39.71875
2015-07-12,15:50:53.201,39.625
2015-07-12,15:50:54.345,39.59375
2015-07-12,15:50:55.397,39.59375
2015-07-12,15:50:56.516,39.5625
2015-07-12,15:50:57.593,39.53125
2015-07-12,15:50:58.710,39.53125
2015-07-12,15:50:59.854,39.5
2015-07-12,15:51:00.906,39.5
2015-07-12,15:51:02.024,39.46875
2015-07-12,15:51:03.102,39.46875
2015-07-12,15:51:04.218,39.46875
2015-07-12,15:51:05.354,39.625
2015-07-12,15:51:06.416,39.65625
2015-07-12,15:51:07.533,39.5
2015-07-12,15:51:08.609,39.5
2015-07-12,15:51:09.730,39.5
2015-07-12,15:51:10.880,39.65625
2015-07-12,15:51:11.927,39.6875
2015-07-12,15:51:12.995,39.5625
2015-07-12,15:51:14.117,39.53125
2015-07-12,15:51:15.236,39.53125
2015-07-12,15:51:16.441,39.5
2015-07-12,15:51:17.535,39.5
2015-07-12,15:51:18.505,39.46875
2015-07-12,15:51:19.623,39.46875
2015-07-12,15:51:20.699,39.4375
2015-07-12,15:51:21.871,39.4375
2015-07-12,15:51:22.938,39.4375
2015-07-12,15:51:24.013,39.4375
2015-07-12,15:51:25.133,39.4375
2015-07-12,15:51:26.430,39.4375
2015-07-12,15:51:27.358,39.40625
2015-07-12,15:51:28.403,39.40625
2015-07-12,15:51:29.632,39.40625
2015-07-12,15:51:30.729,39.40625
2015-07-12,15:51:31.716,39.40625
2015-07-12,15:51:32.847,39.40625
2015-07-12,15:51:33.934,39.375
2015-07-12,15:51:35.040,39.40625
2015-07-12,15:51:36.104,39.375
2015-07-12,15:51:37.225,39.375
2015-07-12,15:51:38.363,39.375
2015-07-12,15:51:39.424,39.375
2015-07-12,15:51:40.580,39.375
2015-07-12,15:51:41.612,39.375
2015-07-12,15:51:42.733,39.375
2015-07-12,15:51:43.880,39.375
2015-07-12,15:51:44.932,39.375
2015-07-12,15:51:45.999,39.34375
2015-07-12,15:51:47.126,39.34375
2015-07-12,15:51:48.239,39.34375
2015-07-12,15:51:49.375,39.34375
2015-07-12,15:51:50.436,39.34375
2015-07-12,15:51:51.508,39.34375
2015-07-12,15:51:52.629,39.34375
2015-07-12,15:51:53.701,39.3125
2015-07-12,15:51:54.908,39.3125
2015-07-12,15:51:55.946,39.34375
2015-07-12,15:51:57.017,39.3125
2015-07-12,15:51:58.138,39.3125
2015-07-12,15:51:59.211,39.3125
2015-07-12,15:52:00.433,39.3125
2015-07-12,15:52:01.404,39.3125
2015-07-12,15:52:02.525,39.3125
2015-07-12,15:52:03.652,39.3125
2015-07-12,15:52:04.733,39.3125
2015-07-12,15:52:05.891,39.3125
2015-07-12,15:52:06.927,39.3125
2015-07-12,15:52:08.033,39.3125
2015-07-12,15:52:09.153,39.3125
2015-07-12,15:52:10.233,39.3125
2015-07-12,15:52:11.494,39.28125
2015-07-12,15:52:12.421,39.28125
2015-07-12,15:52:13.542,39.28125
2015-07-12,15:52:14.621,39.28125
2015-07-12,15:52:15.737,39.28125
2015-07-12,15:52:16.913,39.28125
2015-07-12,15:52:17.932,39.46875
2015-07-12,15:52:19.051,39.53125
2015-07-12,15:52:20.124,39.5625
2015-07-12,15:52:21.246,39.59375
2015-07-12,15:52:22.416,39.625
2015-07-12,15:52:23.458,39.46875
2015-07-12,15:52:24.560,39.4375
2015-07-12,15:52:25.633,39.4375
2015-07-12,15:52:26.754,39.40625
2015-07-12,15:52:27.892,39.375
2015-07-12,15:52:28.949,39.375
2015-07-12,15:52:30.022,39.34375
2015-07-12,15:52:31.141,39.34375
2015-07-12,15:52:32.264,39.34375
2015-07-12,15:52:33.396,39.53125
2015-07-12,15:52:34.457,39.5625
2015-07-12,15:52:35.529,39.59375
2015-07-12,15:52:36.651,39.625
2015-07-12,15:52:37.723,39.65625
2015-07-12,15:52:38.931,39.5
2015-07-12,15:52:39.965,39.46875
2015-07-12,15:52:41.038,39.59375
2015-07-12,15:52:42.159,39.65625
2015-07-12,15:52:43.234,39.65625
2015-07-12,15:52:44.457,39.6875
2015-07-12,15:52:45.426,39.53125
2015-07-12,15:52:46.547,39.5
2015-07-12,15:52:47.669,39.46875
2015-07-12,15:52:48.739,39.46875
2015-07-12,15:52:49.858,39.4375
2015-07-12,15:52:50.982,39.4375
2015-07-12,15:52:52.053,39.40625
2015-07-12,15:52:53.173,39.40625
2015-07-12,15:52:54.246,39.40625
2015-07-12,15:52:55.367,39.375
2015-07-12,15:52:56.457,39.375
2015-07-12,15:52:57.561,39.34375
2015-07-12,15:52:58.633,39.34375
2015-07-12,15:52:59.754,39.34375
2015-07-12,15:53:00.924,39.34375
2015-07-12,15:53:01.989,39.34375
2015-07-12,15:53:03.069,39.3125
2015-07-12,15:53:04.142,39.3125
2015-07-12,15:53:05.264,39.3125
2015-07-12,15:53:06.384,39.5
2015-07-12,15:53:07.477,39.53125
2015-07-12,15:53:08.578,39.40625
2015-07-12,15:53:09.650,39.375
2015-07-12,15:53:10.772,39.34375
2015-07-12,15:53:11.845,39.34375
2015-07-12,15:53:13.005,39.53125
2015-07-12,15:53:14.087,39.5625
2015-07-12,15:53:15.159,39.59375
2015-07-12,15:53:16.281,39.625
2015-07-12,15:53:17.353,39.65625
2015-07-12,15:53:18.494,39.65625
2015-07-12,15:53:19.546,39.71875
2015-07-12,15:53:20.668,39.71875
2015-07-12,15:53:21.789,39.5625
2015-07-12,15:53:22.862,39.53125
2015-07-12,15:53:24.014,39.5
2015-07-12,15:53:25.055,39.46875
2015-07-12,15:53:26.176,39.4375
2015-07-12,15:53:27.249,39.4375
2015-07-12,15:53:28.371,39.40625
2015-07-12,15:53:29.517,39.40625
2015-07-12,15:53:30.564,39.375
2015-07-12,15:53:31.689,39.375
2015-07-12,15:53:32.759,39.34375
2015-07-12,15:53:33.879,39.34375
2015-07-12,15:53:35.027,39.34375
2015-07-12,15:53:36.081,39.3125
2015-07-12,15:53:37.194,39.3125
2015-07-12,15:53:38.266,39.3125
2015-07-12,15:53:39.388,39.3125
2015-07-12,15:53:40.530,39.28125
2015-07-12,15:53:41.581,39.28125
2015-07-12,15:53:42.658,39.28125
2015-07-12,15:53:43.778,39.28125
2015-07-12,15:53:44.852,39.25
2015-07-12,15:53:46.017,39.28125
2015-07-12,15:53:47.090,39.28125
2015-07-12,15:53:48.162,39.4375
2015-07-12,15:53:49.284,39.5
2015-07-12,15:53:50.358,39.53125
2015-07-12,15:53:51.497,39.5625
2015-07-12,15:53:52.599,39.59375
2015-07-12,15:53:53.671,39.625
2015-07-12,15:53:54.793,39.625
2015-07-12,15:53:55.869,39.65625
2015-07-12,15:53:57.029,39.6875
2015-07-12,15:53:58.061,39.71875
2015-07-12,15:53:59.180,39.71875
2015-07-12,15:54:00.256,39.75
2015-07-12,15:54:01.376,39.75
2015-07-12,15:54:02.548,39.78125
2015-07-12,15:54:03.570,39.78125
2015-07-12,15:54:04.688,39.59375
2015-07-12,15:54:05.764,39.5625
2015-07-12,15:54:06.882,39.53125
2015-07-12,15:54:08.009,39.5
2015-07-12,15:54:09.080,39.46875
2015-07-12,15:54:10.197,39.46875
2015-07-12,15:54:11.272,39.4375
2015-07-12,15:54:12.393,39.5
2015-07-12,15:54:13.518,39.40625
2015-07-12,15:54:14.585,39.40625
2015-07-12,15:54:15.706,39.5625
2015-07-12,15:54:16.783,39.4375
2015-07-12,15:54:17.900,39.40625
2015-07-12,15:54:19.034,39.53125
2015-07-12,15:54:20.093,39.53125
2015-07-12,15:54:21.168,39.59375
2015-07-12,15:54:22.287,39.625
2015-07-12,15:54:23.408,39.65625
2015-07-12,15:54:24.547,39.6875
2015-07-12,15:54:25.602,39.71875
2015-07-12,15:54:26.677,39.71875
2015-07-12,15:54:27.796,39.75
2015-07-12,15:54:28.874,39.59375
2015-07-12,15:54:30.049,39.6875
2015-07-12,15:54:31.111,39.75
2015-07-12,15:54:32.186,39.75
2015-07-12,15:54:33.304,39.59375
2015-07-12,15:54:34.383,39.6875
2015-07-12,15:54:35.528,39.5625
2015-07-12,15:54:36.573,39.53125
2015-07-12,15:54:37.695,39.5
2015-07-12,15:54:38.813,39.46875
2015-07-12,15:54:39.889,39.4375
2015-07-12,15:54:41.023,39.4375
2015-07-12,15:54:42.082,39.4375
2015-07-12,15:54:43.201,39.40625
2015-07-12,15:54:44.276,39.375
2015-07-12,15:54:45.397,39.375
2015-07-12,15:54:46.522,39.34375
2015-07-12,15:54:47.594,39.34375
2015-07-12,15:54:48.709,39.34375
2015-07-12,15:54:49.786,39.3125
2015-07-12,15:54:50.903,39.3125
2015-07-12,15:54:52.050,39.3125
2015-07-12,15:54:53.102,39.28125
2015-07-12,15:54:54.218,39.28125
2015-07-12,15:54:55.295,39.28125
2015-07-12,15:54:56.413,39.28125
2015-07-12,15:54:57.558,39.25
2015-07-12,15:54:58.605,39.25
2015-07-12,15:54:59.681,39.25
2015-07-12,15:55:00.802,39.25
2015-07-12,15:55:01.924,39.25
2015-07-12,15:55:03.047,39.25
2015-07-12,15:55:04.114,39.25
2015-07-12,15:55:05.190,39.375
2015-07-12,15:55:06.311,39.4375
2015-07-12,15:55:07.390,39.46875
2015-07-12,15:55:08.560,39.46875
2015-07-12,15:55:09.623,39.4375
2015-07-12,15:55:10.699,39.375
2015-07-12,15:55:11.821,39.34375
2015-07-12,15:55:12.891,39.34375
2015-07-12,15:55:14.088,39.3125
2015-07-12,15:55:15.085,39.3125
2015-07-12,15:55:16.250,39.3125
2015-07-12,15:55:17.329,39.46875
2015-07-12,15:55:18.398,39.46875
2015-07-12,15:55:19.519,39.34375
2015-07-12,15:55:20.592,39.3125
2015-07-12,15:55:21.712,39.3125
2015-07-12,15:55:22.786,39.28125
2015-07-12,15:55:23.906,39.28125
2015-07-12,15:55:25.027,39.25
2015-07-12,15:55:26.115,39.25
2015-07-12,15:55:27.221,39.21875
2015-07-12,15:55:28.296,39.21875
2015-07-12,15:55:29.415,39.21875
2015-07-12,15:55:30.536,39.21875
2015-07-12,15:55:31.620,39.1875
2015-07-12,15:55:32.730,39.1875
2015-07-12,15:55:33.802,39.1875
2015-07-12,15:55:34.924,39.1875
2015-07-12,15:55:35.996,39.15625
2015-07-12,15:55:37.118,39.15625
2015-07-12,15:55:38.239,39.15625
2015-07-12,15:55:39.311,39.15625
2015-07-12,15:55:40.433,39.15625
2015-07-12,15:55:41.505,39.125
2015-07-12,15:55:42.634,39.125
2015-07-12,15:55:43.699,39.125
2015-07-12,15:55:44.820,39.125
2015-07-12,15:55:45.943,39.125
2015-07-12,15:55:47.013,39.09375
2015-07-12,15:55:48.160,39.09375
2015-07-12,15:55:49.207,39.09375
2015-07-12,15:55:50.328,39.09375
2015-07-12,15:55:51.405,39.0625
2015-07-12,15:55:52.522,39.0625
2015-07-12,15:55:53.670,39.0625
2015-07-12,15:55:54.716,39.0625
2015-07-12,15:55:55.837,39.0625
2015-07-12,15:55:56.909,39.03125
2015-07-12,15:55:58.031,39.0625
2015-07-12,15:55:59.162,39.21875
2015-07-12,15:56:00.224,39.28125
2015-07-12,15:56:01.346,39.125
2015-07-12,15:56:02.419,39.125
2015-07-12,15:56:03.539,39.09375
2015-07-12,15:56:04.712,39.09375
2015-07-12,15:56:05.733,39.09375
2015-07-12,15:56:06.810,39.0625
2015-07-12,15:56:07.927,39.0625
2015-07-12,15:56:09.048,39.03125
2015-07-12,15:56:10.210,39.0625
2015-07-12,15:56:11.243,39.03125
2015-07-12,15:56:12.317,39.03125
2015-07-12,15:56:13.436,39.0
2015-07-12,15:56:14.512,39.0
2015-07-12,15:56:15.729,38.96875
2015-07-12,15:56:16.767,38.9375
2015-07-12,15:56:17.825,38.9375
2015-07-12,15:56:18.945,38.9375
2015-07-12,15:56:20.045,38.90625
2015-07-12,15:56:21.160,38.90625
2015-07-12,15:56:22.214,38.875
2015-07-12,15:56:23.332,38.875
2015-07-12,15:56:24.412,38.875
2015-07-12,15:56:25.549,38.84375
2015-07-12,15:56:26.689,38.84375
2015-07-12,15:56:27.863,38.84375
2015-07-12,15:56:28.973,38.84375
2015-07-12,15:56:29.935,38.8125
2015-07-12,15:56:31.034,38.8125
2015-07-12,15:56:32.293,38.8125
2015-07-12,15:56:33.230,38.8125
2015-07-12,15:56:34.349,38.78125
2015-07-12,15:56:35.609,38.78125
2015-07-12,15:56:36.543,38.78125
2015-07-12,15:56:37.694,38.78125
2015-07-12,15:56:38.747,38.75
2015-07-12,15:56:39.813,38.75
2015-07-12,15:56:40.933,38.75
2015-07-12,15:56:42.009,38.71875
2015-07-12,15:56:43.224,38.75
2015-07-12,15:56:44.248,38.71875
2015-07-12,15:56:45.321,38.71875
2015-07-12,15:56:46.443,38.71875
2015-07-12,15:56:47.514,38.6875
2015-07-12,15:56:48.685,38.6875
2015-07-12,15:56:49.710,38.6875
2015-07-12,15:56:50.829,38.6875
2015-07-12,15:56:51.948,38.71875
2015-07-12,15:56:53.023,38.875
2015-07-12,15:56:54.208,38.90625
2015-07-12,15:56:55.218,38.9375
2015-07-12,15:56:56.342,38.96875
2015-07-12,15:56:57.413,39.0
2015-07-12,15:56:58.531,39.03125
2015-07-12,15:56:59.712,39.03125
2015-07-12,15:57:00.725,39.03125
2015-07-12,15:57:01.855,38.90625
2015-07-12,15:57:02.920,38.875
2015-07-12,15:57:04.040,38.84375
2015-07-12,15:57:05.169,38.8125
2015-07-12,15:57:06.234,38.8125
2015-07-12,15:57:07.355,38.78125
2015-07-12,15:57:08.429,38.9375
2015-07-12,15:57:09.549,38.84375
2015-07-12,15:57:10.682,38.8125
2015-07-12,15:57:11.742,38.78125
2015-07-12,15:57:12.864,38.78125
2015-07-12,15:57:13.938,38.75
2015-07-12,15:57:15.058,38.75
2015-07-12,15:57:16.182,38.71875
2015-07-12,15:57:17.251,38.71875
2015-07-12,15:57:18.324,38.71875
2015-07-12,15:57:19.445,38.71875
2015-07-12,15:57:20.571,38.6875
2015-07-12,15:57:21.715,38.6875
2015-07-12,15:57:22.761,38.6875
2015-07-12,15:57:23.832,38.6875
2015-07-12,15:57:24.956,38.6875
2015-07-12,15:57:26.072,38.65625
2015-07-12,15:57:27.235,38.65625
2015-07-12,15:57:28.271,38.8125
2015-07-12,15:57:29.341,38.84375
2015-07-12,15:57:30.462,38.875
2015-07-12,15:57:31.537,38.875
2015-07-12,15:57:32.763,38.90625
2015-07-12,15:57:33.778,38.9375
2015-07-12,15:57:34.849,38.9375
2015-07-12,15:57:35.972,38.96875
2015-07-12,15:57:37.045,38.96875
2015-07-12,15:57:38.226,39.0
2015-07-12,15:57:39.242,39.0
2015-07-12,15:57:40.359,39.03125
2015-07-12,15:57:41.487,39.03125
2015-07-12,15:57:42.552,39.0625
2015-07-12,15:57:43.738,39.0625
2015-07-12,15:57:44.749,38.9375
2015-07-12,15:57:45.867,38.875
2015-07-12,15:57:46.986,38.84375
2015-07-12,15:57:48.064,38.8125
2015-07-12,15:57:49.256,38.78125
2015-07-12,15:57:50.255,38.78125
2015-07-12,15:57:51.376,38.75
2015-07-12,15:57:52.448,38.75
2015-07-12,15:57:53.567,38.71875
2015-07-12,15:57:54.688,38.84375
2015-07-12,15:57:55.761,38.875
2015-07-12,15:57:56.882,38.8125
2015-07-12,15:57:57.955,38.875
2015-07-12,15:57:59.075,38.78125
2015-07-12,15:58:00.148,38.75
2015-07-12,15:58:01.269,38.71875
2015-07-12,15:58:02.390,38.6875
2015-07-12,15:58:03.463,38.65625
2015-07-12,15:58:04.584,38.65625
2015-07-12,15:58:05.657,38.625
2015-07-12,15:58:06.847,38.625
2015-07-12,15:58:07.851,38.59375
2015-07-12,15:58:08.972,38.5625
2015-07-12,15:58:10.093,38.5625
2015-07-12,15:58:11.165,38.5625
2015-07-12,15:58:12.309,38.53125
2015-07-12,15:58:13.362,38.53125
2015-07-12,15:58:14.480,38.5
2015-07-12,15:58:15.602,38.5
2015-07-12,15:58:16.674,38.5
2015-07-12,15:58:17.812,38.625
2015-07-12,15:58:18.868,38.6875
2015-07-12,15:58:19.989,38.71875
2015-07-12,15:58:21.065,38.71875
2015-07-12,15:58:22.183,38.625
2015-07-12,15:58:23.316,38.59375
2015-07-12,15:58:24.376,38.59375
2015-07-12,15:58:25.498,38.5625
2015-07-12,15:58:26.574,38.5625
2015-07-12,15:58:27.691,38.5625
2015-07-12,15:58:28.834,38.53125
2015-07-12,15:58:29.885,38.53125
2015-07-12,15:58:30.962,38.53125
2015-07-12,15:58:32.080,38.65625
2015-07-12,15:58:33.200,38.6875
2015-07-12,15:58:34.329,38.6875
2015-07-12,15:58:35.396,38.71875
2015-07-12,15:58:36.470,38.75
2015-07-12,15:58:37.590,38.75
2015-07-12,15:58:38.709,38.75
2015-07-12,15:58:39.857,38.78125
2015-07-12,15:58:40.903,38.78125
2015-07-12,15:58:41.982,38.71875
2015-07-12,15:58:43.096,38.78125
2015-07-12,15:58:44.172,38.8125
2015-07-12,15:58:45.359,38.8125
2015-07-12,15:58:46.365,38.84375
2015-07-12,15:58:47.486,38.84375
2015-07-12,15:58:48.605,38.84375
2015-07-12,15:58:49.681,38.875
2015-07-12,15:58:50.828,38.875
2015-07-12,15:58:51.877,38.875
2015-07-12,15:58:52.996,38.875
2015-07-12,15:58:54.114,38.875
2015-07-12,15:58:55.190,38.90625
2015-07-12,15:58:56.341,38.90625
2015-07-12,15:58:57.383,38.90625
2015-07-12,15:58:58.501,38.90625
2015-07-12,15:58:59.576,38.90625
2015-07-12,15:59:00.699,38.90625
2015-07-12,15:59:01.838,38.9375
2015-07-12,15:59:02.900,38.9375
2015-07-12,15:59:04.010,38.9375
2015-07-12,15:59:05.086,38.9375
2015-07-12,15:59:06.207,38.84375
2015-07-12,15:59:07.340,38.78125
2015-07-12,15:59:08.402,38.75
2015-07-12,15:59:09.473,38.71875
2015-07-12,15:59:10.593,38.6875
2015-07-12,15:59:11.715,38.65625
2015-07-12,15:59:12.866,38.625
2015-07-12,15:59:13.906,38.625
2015-07-12,15:59:14.981,38.59375
2015-07-12,15:59:16.110,38.59375
2015-07-12,15:59:17.180,38.5625
2015-07-12,15:59:18.357,38.53125
2015-07-12,15:59:19.366,38.53125
2015-07-12,15:59:20.489,38.53125
2015-07-12,15:59:21.609,38.5
2015-07-12,15:59:22.683,38.5
2015-07-12,15:59:23.802,38.5
2015-07-12,15:59:24.926,38.46875
2015-07-12,15:59:25.996,38.46875
2015-07-12,15:59:27.117,38.46875
2015-07-12,15:59:28.191,38.4375
2015-07-12,15:59:29.312,38.4375
2015-07-12,15:59:30.428,38.4375
2015-07-12,15:59:31.505,38.4375
2015-07-12,15:59:32.577,38.40625
2015-07-12,15:59:33.698,38.40625
2015-07-12,15:59:34.771,38.40625
2015-07-12,15:59:35.892,38.375
2015-07-12,15:59:37.013,38.375
2015-07-12,15:59:38.085,38.375
2015-07-12,15:59:39.207,38.375
2015-07-12,15:59:40.279,38.375
2015-07-12,15:59:41.401,38.375
2015-07-12,15:59:42.473,38.375
2015-07-12,15:59:43.595,38.46875
2015-07-12,15:59:44.715,38.53125
2015-07-12,15:59:45.788,38.5625
2015-07-12,15:59:46.909,38.59375
2015-07-12,15:59:47.990,38.59375
2015-07-12,15:59:49.103,38.625
2015-07-12,15:59:50.175,38.625
2015-07-12,15:59:51.297,38.625
2015-07-12,15:59:52.418,38.65625
2015-07-12,15:59:53.490,38.65625
2015-07-12,15:59:54.612,38.65625
2015-07-12,15:59:55.684,38.6875
2015-07-12,15:59:56.805,38.6875
2015-07-12,15:59:57.933,38.6875
2015-07-12,15:59:58.999,38.71875
2015-07-12,16:00:00.120,38.6875
2015-07-12,16:00:01.193,38.71875
2015-07-12,16:00:02.314,38.71875
2015-07-12,16:00:03.416,38.71875
2015-07-12,16:00:04.508,38.71875
2015-07-12,16:00:05.630,38.71875
2015-07-12,16:00:06.701,38.75
2015-07-12,16:00:07.823,38.75
2015-07-12,16:00:08.917,38.75
2015-07-12,16:00:10.016,38.75
2015-07-12,16:00:11.089,38.75
2015-07-12,16:00:12.210,38.75
2015-07-12,16:00:13.332,38.78125
2015-07-12,16:00:14.434,38.78125
2015-07-12,16:00:15.526,38.78125
2015-07-12,16:00:16.676,38.78125
2015-07-12,16:00:17.791,38.8125
2015-07-12,16:00:18.900,38.8125
2015-07-12,16:00:19.924,38.84375
2015-07-12,16:00:21.034,38.84375
2015-07-12,16:00:22.106,38.875
2015-07-12,16:00:23.228,38.875
2015-07-12,16:00:24.300,38.875
2015-07-12,16:00:25.422,38.90625
2015-07-12,16:00:26.543,38.90625
2015-07-12,16:00:27.615,38.90625
2015-07-12,16:00:28.736,38.84375
2015-07-12,16:00:29.814,38.90625
2015-07-12,16:00:30.930,38.90625
2015-07-12,16:00:32.002,38.875
2015-07-12,16:00:33.124,38.875
2015-07-12,16:00:34.245,38.75
2015-07-12,16:00:35.317,38.71875
2015-07-12,16:00:36.443,38.6875
2015-07-12,16:00:37.511,38.65625
2015-07-12,16:00:38.632,38.75
2015-07-12,16:00:39.754,38.75
2015-07-12,16:00:40.827,38.75
2015-07-12,16:00:41.948,38.78125
2015-07-12,16:00:43.020,38.78125
2015-07-12,16:00:44.141,38.8125
2015-07-12,16:00:45.214,38.8125
2015-07-12,16:00:46.335,38.71875
2015-07-12,16:00:47.458,38.6875
2015-07-12,16:00:48.528,38.78125
2015-07-12,16:00:49.650,38.78125
2015-07-12,16:00:50.722,38.8125
2015-07-12,16:00:51.843,38.8125
2015-07-12,16:00:52.964,38.84375
2015-07-12,16:00:54.037,38.84375
2015-07-12,16:00:55.158,38.84375
2015-07-12,16:00:56.231,38.84375
2015-07-12,16:00:57.358,38.84375
2015-07-12,16:00:58.476,38.84375
2015-07-12,16:00:59.546,38.84375
2015-07-12,16:01:00.667,38.84375
2015-07-12,16:01:01.740,38.875
2015-07-12,16:01:02.867,38.875
2015-07-12,16:01:04.004,38.875
2015-07-12,16:01:05.055,38.875
2015-07-12,16:01:06.130,38.875
2015-07-12,16:01:07.248,38.875
2015-07-12,16:01:08.369,38.875
2015-07-12,16:01:09.504,38.875
2015-07-12,16:01:10.581,38.90625
2015-07-12,16:01:11.638,38.90625
2015-07-12,16:01:12.757,38.90625
2015-07-12,16:01:13.878,38.90625
2015-07-12,16:01:15.036,38.90625
2015-07-12,16:01:16.074,38.90625
2015-07-12,16:01:17.301,38.9375
2015-07-12,16:01:18.386,38.9375
2015-07-12,16:01:19.340,38.9375
2015-07-12,16:01:20.534,38.9375
2015-07-12,16:01:21.581,38.9375
2015-07-12,16:01:22.742,38.9375
2015-07-12,16:01:23.810,38.96875
2015-07-12,16:01:24.852,38.96875
2015-07-12,16:01:26.307,38.96875
2015-07-12,16:01:27.362,38.96875
2015-07-12,16:01:28.455,38.96875
2015-07-12,16:01:29.323,38.96875
2015-07-12,16:01:30.364,38.96875
2015-07-12,16:01:31.581,38.96875
2015-07-12,16:01:32.555,39.0
2015-07-12,16:01:33.670,39.0
2015-07-12,16:01:34.756,39.0
2015-07-12,16:01:36.006,39.0
2015-07-12,16:01:36.987,39.0
2015-07-12,16:01:38.060,39.0
2015-07-12,16:01:39.179,39.0
2015-07-12,16:01:40.254,39.0
2015-07-12,16:01:41.376,39.0
2015-07-12,16:01:42.521,39.0
2015-07-12,16:01:43.569,39.0
2015-07-12,16:01:44.688,39.0
2015-07-12,16:01:45.767,39.0
2015-07-12,16:01:46.882,39.0
2015-07-12,16:01:48.111,39.0
2015-07-12,16:01:49.078,39.0
2015-07-12,16:01:50.149,39.0
2015-07-12,16:01:51.272,38.9375
2015-07-12,16:01:52.359,39.0
2015-07-12,16:01:53.545,39.0
2015-07-12,16:01:54.586,39.0
2015-07-12,16:01:55.658,39.0
2015-07-12,16:01:56.906,39.0
2015-07-12,16:01:57.853,39.0
2015-07-12,16:01:59.029,39.0
2015-07-12,16:02:00.046,39.0
2015-07-12,16:02:01.169,39.0
2015-07-12,16:02:02.286,39.0
2015-07-12,16:02:03.369,39.0
2015-07-12,16:02:04.566,39.0
2015-07-12,16:02:05.556,39.03125
2015-07-12,16:02:06.677,39.03125
2015-07-12,16:02:07.751,39.0
2015-07-12,16:02:08.870,39.03125
2015-07-12,16:02:09.989,39.03125
2015-07-12,16:02:11.061,39.03125
2015-07-12,16:02:12.182,39.03125
2015-07-12,16:02:13.255,39.03125
2015-07-12,16:02:14.376,39.03125
2015-07-12,16:02:15.498,39.03125
2015-07-12,16:02:16.576,39.03125
2015-07-12,16:02:17.696,39.03125
2015-07-12,16:02:18.763,39.03125
2015-07-12,16:02:19.885,39.03125
2015-07-12,16:02:20.961,39.03125
2015-07-12,16:02:22.079,39.0625
2015-07-12,16:02:23.152,39.0625
2015-07-12,16:02:24.272,39.0625
2015-07-12,16:02:25.394,39.0625
2015-07-12,16:02:26.466,39.0625
2015-07-12,16:02:27.587,39.0625
2015-07-12,16:02:28.660,39.0625
2015-07-12,16:02:29.781,38.96875
2015-07-12,16:02:30.854,38.90625
2015-07-12,16:02:31.975,38.90625
2015-07-12,16:02:33.096,38.875
2015-07-12,16:02:34.169,38.84375
2015-07-12,16:02:35.290,38.875
2015-07-12,16:02:36.362,38.9375
2015-07-12,16:02:37.483,38.9375
2015-07-12,16:02:38.585,38.96875
2015-07-12,16:02:39.677,38.96875
2015-07-12,16:02:40.798,38.96875
2015-07-12,16:02:41.871,39.0
2015-07-12,16:02:42.992,39.0
2015-07-12,16:02:44.065,39.0
2015-07-12,16:02:45.186,39.03125
2015-07-12,16:02:46.258,39.03125
2015-07-12,16:02:47.380,39.03125
2015-07-12,16:02:48.501,39.03125
2015-07-12,16:02:49.658,39.0625
2015-07-12,16:02:50.694,39.0625
2015-07-12,16:02:51.773,39.0625
2015-07-12,16:02:52.888,39.0625
2015-07-12,16:02:53.961,39.0625
2015-07-12,16:02:55.082,39.09375
2015-07-12,16:02:56.203,39.09375
2015-07-12,16:02:57.276,39.09375
2015-07-12,16:02:58.397,39.09375
2015-07-12,16:02:59.470,39.09375
2015-07-12,16:03:00.591,39.125
2015-07-12,16:03:01.663,39.125
2015-07-12,16:03:02.785,39.125
2015-07-12,16:03:03.905,39.125
2015-07-12,16:03:04.978,39.125
2015-07-12,16:03:06.099,39.125
2015-07-12,16:03:07.172,39.15625
2015-07-12,16:03:08.293,39.15625
2015-07-12,16:03:09.365,39.15625
2015-07-12,16:03:10.487,39.15625
2015-07-12,16:03:11.608,39.15625
2015-07-12,16:03:12.680,39.1875
2015-07-12,16:03:13.802,39.1875
2015-07-12,16:03:14.874,39.1875
2015-07-12,16:03:15.996,39.1875
2015-07-12,16:03:17.089,39.1875
2015-07-12,16:03:18.189,39.1875
2015-07-12,16:03:19.310,39.1875
2015-07-12,16:03:20.383,39.1875
2015-07-12,16:03:21.505,39.1875
2015-07-12,16:03:22.613,39.1875
2015-07-12,16:03:23.698,39.1875
2015-07-12,16:03:24.770,39.1875
2015-07-12,16:03:25.891,39.1875
2015-07-12,16:03:27.013,39.1875
2015-07-12,16:03:28.118,39.21875
2015-07-12,16:03:29.206,39.21875
2015-07-12,16:03:30.279,39.21875
2015-07-12,16:03:31.400,39.21875
2015-07-12,16:03:32.521,39.21875
2015-07-12,16:03:33.607,39.21875
2015-07-12,16:03:34.715,39.21875
2015-07-12,16:03:35.788,39.21875
2015-07-12,16:03:36.909,39.21875
2015-07-12,16:03:37.982,39.21875
2015-07-12,16:03:39.137,39.21875
2015-07-12,16:03:40.224,39.21875
2015-07-12,16:03:41.297,39.21875
2015-07-12,16:03:42.418,39.21875
2015-07-12,16:03:43.490,39.21875
2015-07-12,16:03:44.621,39.21875
2015-07-12,16:03:45.687,39.21875
2015-07-12,16:03:46.805,39.21875
2015-07-12,16:03:48.478,39.21875
2015-07-12,16:03:49.007,39.21875
2015-07-12,16:03:50.852,39.25
2015-07-12,16:03:51.197,39.21875
2015-07-12,16:03:52.314,39.25
2015-07-12,16:03:53.435,39.25
2015-07-12,16:03:54.676,39.25
2015-07-12,16:03:55.834,39.25
2015-07-12,16:03:56.996,39.25
2015-07-12,16:03:58.236,39.25
2015-07-12,16:03:59.400,39.25
2015-07-12,16:04:00.037,39.25
2015-07-12,16:04:01.782,39.25
2015-07-12,16:04:02.900,39.25
2015-07-12,16:04:03.331,39.28125
2015-07-12,16:04:04.428,39.28125
2015-07-12,16:04:05.527,39.28125
2015-07-12,16:04:07.307,39.28125
2015-07-12,16:04:08.385,39.28125
2015-07-12,16:04:08.795,39.28125
2015-07-12,16:04:09.931,39.3125
2015-07-12,16:04:11.272,39.3125
2015-07-12,16:04:12.329,39.3125
2015-07-12,16:04:13.231,39.3125
2015-07-12,16:04:14.302,39.3125
2015-07-12,16:04:15.424,39.3125
2015-07-12,16:04:16.591,39.3125
2015-07-12,16:04:17.771,39.34375
2015-07-12,16:04:19.250,39.34375
2015-07-12,16:04:20.311,39.34375
2015-07-12,16:04:21.382,39.34375
2015-07-12,16:04:22.005,39.34375
2015-07-12,16:04:23.213,39.34375
2015-07-12,16:04:24.260,39.34375
2015-07-12,16:04:25.320,39.34375
2015-07-12,16:04:26.441,39.34375
2015-07-12,16:04:27.647,39.34375
2015-07-12,16:04:28.809,39.34375
2015-07-12,16:04:29.822,39.375
2015-07-12,16:04:30.896,39.375
2015-07-12,16:04:31.902,39.375
2015-07-12,16:04:33.119,39.375
2015-07-12,16:04:34.208,39.375
2015-07-12,16:04:35.217,39.375
2015-07-12,16:04:36.337,39.375
2015-07-12,16:04:37.409,39.375
2015-07-12,16:04:38.531,39.375
2015-07-12,16:04:40.101,39.375
2015-07-12,16:04:41.129,39.375
2015-07-12,16:04:42.142,39.40625
2015-07-12,16:04:43.161,39.375
2015-07-12,16:04:44.231,39.375
2015-07-12,16:04:45.308,39.375
2015-07-12,16:04:46.271,39.375
2015-07-12,16:04:47.182,39.375
2015-07-12,16:04:48.474,39.375
2015-07-12,16:04:49.375,39.375
2015-07-12,16:04:50.448,39.34375
2015-07-12,16:04:52.024,39.375
2015-07-12,16:04:53.004,39.375
2015-07-12,16:04:53.944,39.375
2015-07-12,16:04:54.983,39.375
2015-07-12,16:04:55.992,39.40625
2015-07-12,16:04:57.077,39.28125
2015-07-12,16:04:58.150,39.3125
2015-07-12,16:04:59.271,39.25
2015-07-12,16:05:00.344,39.3125
2015-07-12,16:05:01.465,39.21875
2015-07-12,16:05:02.586,39.1875
2015-07-12,16:05:03.484,39.15625
2015-07-12,16:05:04.605,39.125
2015-07-12,16:05:05.678,39.125
2015-07-12,16:05:06.799,39.09375
2015-07-12,16:05:07.909,39.0625
2015-07-12,16:05:08.498,39.0625
2015-07-12,16:05:09.618,39.0625
2015-07-12,16:05:10.691,39.03125
2015-07-12,16:05:11.812,39.09375
2015-07-12,16:05:12.910,39.15625
2015-07-12,16:05:14.006,39.1875
2015-07-12,16:05:15.081,39.21875
2015-07-12,16:05:16.199,39.25
2015-07-12,16:05:17.321,39.25
2015-07-12,16:05:18.393,39.28125
2015-07-12,16:05:19.515,39.28125
2015-07-12,16:05:20.587,39.28125
2015-07-12,16:05:21.708,39.3125
2015-07-12,16:05:22.781,39.21875
2015-07-12,16:05:23.902,39.15625
2015-07-12,16:05:25.023,39.09375
2015-07-12,16:05:26.096,39.0625
2015-07-12,16:05:27.217,39.03125
2015-07-12,16:05:28.289,39.0
2015-07-12,16:05:29.410,39.0
2015-07-12,16:05:30.483,38.96875
2015-07-12,16:05:31.605,38.96875
2015-07-12,16:05:32.725,38.9375
2015-07-12,16:05:33.798,38.90625
2015-07-12,16:05:34.922,38.90625
2015-07-12,16:05:35.998,38.875
2015-07-12,16:05:37.113,38.875
2015-07-12,16:05:38.185,38.84375
2015-07-12,16:05:39.307,38.84375
2015-07-12,16:05:40.428,38.8125
2015-07-12,16:05:41.500,38.8125
2015-07-12,16:05:42.621,38.8125
2015-07-12,16:05:43.697,38.78125
2015-07-12,16:05:44.816,38.78125
2015-07-12,16:05:45.918,38.78125
2015-07-12,16:05:47.009,38.75
2015-07-12,16:05:48.130,38.75
2015-07-12,16:05:49.203,38.75
2015-07-12,16:05:50.324,38.75
2015-07-12,16:05:51.442,38.71875
2015-07-12,16:05:52.518,38.71875
2015-07-12,16:05:53.590,38.71875
2015-07-12,16:05:54.711,38.6875
2015-07-12,16:05:55.833,38.6875
2015-07-12,16:05:56.910,38.6875
2015-07-12,16:05:58.026,38.6875
2015-07-12,16:05:59.099,38.6875
2015-07-12,16:06:00.220,38.65625
2015-07-12,16:06:01.292,38.65625
2015-07-12,16:06:02.429,38.65625
2015-07-12,16:06:03.535,38.84375
2015-07-12,16:06:04.607,38.90625
2015-07-12,16:06:05.729,38.9375
2015-07-12,16:06:06.802,38.96875
2015-07-12,16:06:07.951,39.0
2015-07-12,16:06:09.051,39.03125
2015-07-12,16:06:10.208,39.0625
2015-07-12,16:06:11.237,39.09375
2015-07-12,16:06:12.384,39.09375
2015-07-12,16:06:13.617,39.125
2015-07-12,16:06:14.672,39.125
2015-07-12,16:06:15.625,39.15625
2015-07-12,16:06:16.746,39.15625
2015-07-12,16:06:17.824,39.15625
2015-07-12,16:06:18.955,39.15625
2015-07-12,16:06:20.015,39.1875
2015-07-12,16:06:21.134,39.1875
2015-07-12,16:06:22.208,39.1875
2015-07-12,16:06:23.331,39.1875
2015-07-12,16:06:24.467,39.1875
2015-07-12,16:06:25.524,39.21875
2015-07-12,16:06:26.646,39.21875
2015-07-12,16:06:27.718,39.21875
2015-07-12,16:06:28.839,39.21875
2015-07-12,16:06:29.966,39.21875
2015-07-12,16:06:31.034,39.21875
2015-07-12,16:06:32.154,39.21875
2015-07-12,16:06:33.226,39.21875
2015-07-12,16:06:34.352,39.21875
2015-07-12,16:06:35.488,39.21875
2015-07-12,16:06:36.541,39.21875
2015-07-12,16:06:37.614,39.21875
2015-07-12,16:06:38.735,39.25
2015-07-12,16:06:39.857,39.25
2015-07-12,16:06:41.008,39.25
2015-07-12,16:06:42.050,39.25
2015-07-12,16:06:43.131,39.25
2015-07-12,16:06:44.244,39.28125
2015-07-12,16:06:45.366,39.28125
2015-07-12,16:06:46.534,39.28125
2015-07-12,16:06:47.560,39.28125
2015-07-12,16:06:48.631,39.28125
2015-07-12,16:06:49.752,39.28125
2015-07-12,16:06:50.826,39.28125
2015-07-12,16:06:52.021,39.28125
2015-07-12,16:06:53.067,39.28125
2015-07-12,16:06:54.140,39.3125
2015-07-12,16:06:55.262,39.3125
2015-07-12,16:06:56.334,39.3125
2015-07-12,16:06:57.541,39.3125
2015-07-12,16:06:58.577,39.3125
2015-07-12,16:06:59.648,39.3125
2015-07-12,16:07:00.771,39.3125
2015-07-12,16:07:01.842,39.3125
2015-07-12,16:07:03.043,39.3125
2015-07-12,16:07:04.086,39.34375
2015-07-12,16:07:05.157,39.3125
2015-07-12,16:07:06.280,39.3125
2015-07-12,16:07:07.351,39.3125
2015-07-12,16:07:08.531,39.3125
2015-07-12,16:07:09.544,39.34375
2015-07-12,16:07:10.666,39.34375
2015-07-12,16:07:11.787,39.34375
2015-07-12,16:07:12.954,39.34375
2015-07-12,16:07:14.035,39.34375
2015-07-12,16:07:15.092,39.21875
2015-07-12,16:07:16.174,39.1875
2015-07-12,16:07:17.246,39.28125
2015-07-12,16:07:18.372,39.3125
2015-07-12,16:07:19.567,39.3125
2015-07-12,16:07:20.640,39.3125
2015-07-12,16:07:21.686,39.3125
2015-07-12,16:07:22.757,39.3125
2015-07-12,16:07:23.878,39.34375
2015-07-12,16:07:25.007,39.34375
2015-07-12,16:07:26.074,39.34375
2015-07-12,16:07:27.189,39.34375
2015-07-12,16:07:28.261,39.34375
2015-07-12,16:07:29.383,39.34375
2015-07-12,16:07:30.456,39.375
2015-07-12,16:07:31.577,39.375
2015-07-12,16:07:32.698,39.375
2015-07-12,16:07:33.770,39.375
2015-07-12,16:07:34.891,39.375
2015-07-12,16:07:35.964,39.375
2015-07-12,16:07:37.085,39.40625
2015-07-12,16:07:38.158,39.40625
2015-07-12,16:07:39.279,39.40625
2015-07-12,16:07:40.400,39.40625
2015-07-12,16:07:41.475,39.40625
2015-07-12,16:07:42.594,39.40625
2015-07-12,16:07:43.666,39.40625
2015-07-12,16:07:44.787,39.4375
2015-07-12,16:07:45.860,39.40625
2015-07-12,16:07:46.983,39.40625
2015-07-12,16:07:48.113,39.4375
2015-07-12,16:07:49.175,39.4375
2015-07-12,16:07:50.296,39.4375
2015-07-12,16:07:51.369,39.4375
2015-07-12,16:07:52.490,39.4375
2015-07-12,16:07:53.594,39.40625
2015-07-12,16:07:54.684,39.4375
2015-07-12,16:07:55.756,39.4375
2015-07-12,16:07:56.878,39.4375
2015-07-12,16:07:58.000,39.4375
2015-07-12,16:07:59.121,39.4375
2015-07-12,16:08:00.192,39.4375
2015-07-12,16:08:01.265,39.46875
2015-07-12,16:08:02.386,39.46875
2015-07-12,16:08:03.459,39.46875
2015-07-12,16:08:04.580,39.46875
2015-07-12,16:08:05.701,39.46875
2015-07-12,16:08:06.774,39.5
2015-07-12,16:08:07.944,39.5
2015-07-12,16:08:08.967,39.5
2015-07-12,16:08:10.102,39.53125
2015-07-12,16:08:11.161,39.53125
2015-07-12,16:08:12.282,39.53125
2015-07-12,16:08:13.403,39.5625
2015-07-12,16:08:14.477,39.53125
2015-07-12,16:08:15.599,39.5625
2015-07-12,16:08:16.670,39.53125
2015-07-12,16:08:17.791,39.53125
2015-07-12,16:08:18.912,39.5625
2015-07-12,16:08:19.985,39.5625
2015-07-12,16:08:21.106,39.5625
2015-07-12,16:08:22.178,39.5625
2015-07-12,16:08:23.299,39.5625
2015-07-12,16:08:24.372,39.5625
2015-07-12,16:08:25.493,39.5625
2015-07-12,16:08:26.615,39.53125
2015-07-12,16:08:27.687,39.5625
2015-07-12,16:08:28.808,39.5625
2015-07-12,16:08:29.881,39.5625
2015-07-12,16:08:31.002,39.59375
2015-07-12,16:08:32.080,39.59375
2015-07-12,16:08:33.196,39.59375
2015-07-12,16:08:34.317,39.625
2015-07-12,16:08:35.390,39.625
2015-07-12,16:08:36.513,39.625
2015-07-12,16:08:37.618,39.625
2015-07-12,16:08:38.705,39.65625
2015-07-12,16:08:39.777,39.65625
2015-07-12,16:08:40.899,39.65625
2015-07-12,16:08:42.021,39.65625
2015-07-12,16:08:43.141,39.6875
2015-07-12,16:08:44.213,39.65625
2015-07-12,16:08:45.285,39.6875
2015-07-12,16:08:46.408,39.6875
2015-07-12,16:08:47.529,39.71875
2015-07-12,16:08:48.639,39.6875
2015-07-12,16:08:49.722,39.71875
2015-07-12,16:08:50.794,39.71875
2015-07-12,16:08:51.917,39.71875
2015-07-12,16:08:53.039,39.71875
2015-07-12,16:08:54.191,39.71875
2015-07-12,16:08:55.230,39.71875
2015-07-12,16:08:56.303,39.71875
2015-07-12,16:08:57.425,39.71875
2015-07-12,16:08:58.497,39.71875
2015-07-12,16:08:59.664,39.71875
2015-07-12,16:09:00.739,39.71875
2015-07-12,16:09:01.812,39.71875
2015-07-12,16:09:02.934,39.75
2015-07-12,16:09:04.015,39.75
2015-07-12,16:09:05.201,39.75
2015-07-12,16:09:06.248,39.75
2015-07-12,16:09:07.320,39.75
2015-07-12,16:09:08.442,39.75
2015-07-12,16:09:09.515,39.75
2015-07-12,16:09:10.679,39.75
2015-07-12,16:09:11.729,39.78125
2015-07-12,16:09:12.829,39.78125
2015-07-12,16:09:13.951,39.78125
2015-07-12,16:09:15.024,39.78125
2015-07-12,16:09:16.216,39.78125
2015-07-12,16:09:17.230,39.78125
2015-07-12,16:09:18.338,39.78125
2015-07-12,16:09:19.413,39.78125
2015-07-12,16:09:20.531,39.78125
2015-07-12,16:09:21.690,39.8125
2015-07-12,16:09:22.733,39.8125
2015-07-12,16:09:23.847,39.8125
2015-07-12,16:09:24.924,39.8125
2015-07-12,16:09:26.040,39.8125
2015-07-12,16:09:27.195,39.8125
2015-07-12,16:09:28.237,39.84375
2015-07-12,16:09:29.358,39.84375
2015-07-12,16:09:30.430,39.84375
2015-07-12,16:09:31.549,39.84375
2015-07-12,16:09:32.680,39.84375
2015-07-12,16:09:33.746,39.875
2015-07-12,16:09:34.817,39.875
2015-07-12,16:09:35.940,39.875
2015-07-12,16:09:37.015,39.875
2015-07-12,16:09:38.203,39.875
2015-07-12,16:09:39.251,39.90625
2015-07-12,16:09:40.326,39.90625
2015-07-12,16:09:41.447,39.90625
2015-07-12,16:09:42.524,39.90625
2015-07-12,16:09:43.696,39.90625
2015-07-12,16:09:44.714,39.90625
2015-07-12,16:09:45.835,39.9375
2015-07-12,16:09:46.956,39.90625
2015-07-12,16:09:48.028,39.9375
2015-07-12,16:09:49.214,39.9375
2015-07-12,16:09:50.222,39.9375
2015-07-12,16:09:51.341,39.9375
2015-07-12,16:09:52.414,39.9375
2015-07-12,16:09:53.535,39.96875
2015-07-12,16:09:54.656,39.96875
2015-07-12,16:09:55.729,39.96875
2015-07-12,16:09:56.850,39.96875
2015-07-12,16:09:57.922,40.0
2015-07-12,16:09:59.044,40.0
2015-07-12,16:10:00.116,40.0
2015-07-12,16:10:01.237,40.0
2015-07-12,16:10:02.359,40.0
2015-07-12,16:10:03.431,40.0
2015-07-12,16:10:04.552,40.03125
2015-07-12,16:10:05.626,40.03125
2015-07-12,16:10:06.746,40.03125
2015-07-12,16:10:07.818,40.03125
2015-07-12,16:10:08.941,40.03125
2015-07-12,16:10:10.061,40.0625
2015-07-12,16:10:11.133,40.0625
2015-07-12,16:10:12.257,40.0625
2015-07-12,16:10:13.327,40.0625
2015-07-12,16:10:14.448,40.0625
2015-07-12,16:10:15.521,40.0625
2015-07-12,16:10:16.642,40.0625
2015-07-12,16:10:17.763,40.0625
2015-07-12,16:10:18.836,40.09375
2015-07-12,16:10:19.957,40.09375
2015-07-12,16:10:21.033,40.09375
2015-07-12,16:10:22.151,40.09375
2015-07-12,16:10:23.259,40.09375
2015-07-12,16:10:24.344,40.125
2015-07-12,16:10:25.467,40.125
2015-07-12,16:10:26.538,40.125
2015-07-12,16:10:27.659,40.125
2015-07-12,16:10:28.779,40.125
2015-07-12,16:10:29.853,40.15625
2015-07-12,16:10:30.929,40.1875
2015-07-12,16:10:32.047,40.1875
2015-07-12,16:10:33.168,40.1875
2015-07-12,16:10:34.247,40.15625
2015-07-12,16:10:35.362,40.15625
2015-07-12,16:10:36.435,40.1875
2015-07-12,16:10:37.556,40.1875
2015-07-12,16:10:38.678,40.1875
2015-07-12,16:10:39.788,40.15625
2015-07-12,16:10:40.870,40.1875
2015-07-12,16:10:41.943,40.21875
2015-07-12,16:10:43.064,40.21875
2015-07-12,16:10:44.137,40.21875
2015-07-12,16:10:45.259,40.1875
2015-07-12,16:10:46.379,40.21875
2015-07-12,16:10:47.452,40.21875
2015-07-12,16:10:48.573,40.21875
2015-07-12,16:10:49.645,40.21875
2015-07-12,16:10:50.767,40.21875
2015-07-12,16:10:51.839,40.25
2015-07-12,16:10:52.961,40.25
2015-07-12,16:10:54.082,40.25
2015-07-12,16:10:55.154,40.25
2015-07-12,16:10:56.275,40.25
2015-07-12,16:10:57.348,40.25
2015-07-12,16:10:58.469,40.25
2015-07-12,16:10:59.591,40.25
2015-07-12,16:11:00.663,40.28125
2015-07-12,16:11:01.784,40.28125
2015-07-12,16:11:02.857,40.28125
2015-07-12,16:11:03.978,40.28125
2015-07-12,16:11:05.050,40.28125
2015-07-12,16:11:06.176,40.28125
2015-07-12,16:11:07.293,40.3125
2015-07-12,16:11:08.365,40.3125
2015-07-12,16:11:09.486,40.3125
2015-07-12,16:11:10.601,40.3125
2015-07-12,16:11:11.680,40.3125
2015-07-12,16:11:12.824,40.3125
2015-07-12,16:11:14.042,40.3125
2015-07-12,16:11:14.995,40.3125
2015-07-12,16:11:16.068,40.3125
2015-07-12,16:11:17.189,40.34375
2015-07-12,16:11:18.646,40.34375
2015-07-12,16:11:19.574,40.34375
2015-07-12,16:11:20.527,40.34375
2015-07-12,16:11:21.576,40.34375
2015-07-12,16:11:22.697,40.34375
2015-07-12,16:11:23.993,40.34375
2015-07-12,16:11:24.891,40.34375
2015-07-12,16:11:25.967,40.34375
2015-07-12,16:11:27.286,40.34375
2015-07-12,16:11:28.206,40.34375
2015-07-12,16:11:29.399,40.34375
2015-07-12,16:11:30.400,40.34375
2015-07-12,16:11:31.507,40.34375
2015-07-12,16:11:32.594,40.34375
2015-07-12,16:11:33.668,40.34375
2015-07-12,16:11:34.919,40.375
2015-07-12,16:11:35.909,40.34375
2015-07-12,16:11:36.984,40.34375
2015-07-12,16:11:38.102,40.375
2015-07-12,16:11:39.179,40.34375
2015-07-12,16:11:40.378,40.375
2015-07-12,16:11:41.373,40.34375
2015-07-12,16:11:42.492,40.375
2015-07-12,16:11:43.611,40.34375
2015-07-12,16:11:44.686,40.34375
2015-07-12,16:11:45.834,40.34375
2015-07-12,16:11:46.881,40.34375
2015-07-12,16:11:48.001,40.375
2015-07-12,16:11:49.074,40.34375
2015-07-12,16:11:50.195,40.375
2015-07-12,16:11:51.325,40.375
2015-07-12,16:11:52.390,40.375
2015-07-12,16:11:53.509,40.375
2015-07-12,16:11:54.582,40.375
2015-07-12,16:11:55.704,40.375
2015-07-12,16:11:56.859,40.375
2015-07-12,16:11:57.898,40.375
2015-07-12,16:11:58.972,40.375
2015-07-12,16:12:00.092,40.375
2015-07-12,16:12:01.209,40.375
2015-07-12,16:12:02.347,40.375
2015-07-12,16:12:03.408,40.375
2015-07-12,16:12:04.500,40.375
2015-07-12,16:12:05.601,40.375
2015-07-12,16:12:06.671,40.375
2015-07-12,16:12:07.866,40.375
2015-07-12,16:12:08.914,40.375
2015-07-12,16:12:09.987,40.375
2015-07-12,16:12:11.105,40.375
2015-07-12,16:12:12.178,40.375
2015-07-12,16:12:13.299,40.375
2015-07-12,16:12:14.372,40.375
2015-07-12,16:12:15.493,40.375
2015-07-12,16:12:16.614,40.375
2015-07-12,16:12:17.687,40.375
2015-07-12,16:12:18.808,40.375
2015-07-12,16:12:19.880,40.375
2015-07-12,16:12:21.001,40.40625
2015-07-12,16:12:22.079,40.375
2015-07-12,16:12:23.195,40.40625
2015-07-12,16:12:24.316,40.40625
2015-07-12,16:12:25.389,40.40625
2015-07-12,16:12:26.510,40.40625
2015-07-12,16:12:27.583,40.40625
2015-07-12,16:12:28.704,40.375
2015-07-12,16:12:29.778,40.375
2015-07-12,16:12:30.898,40.3125
2015-07-12,16:12:32.019,40.34375
2015-07-12,16:12:33.092,40.375
2015-07-12,16:12:34.213,40.375
2015-07-12,16:12:35.285,40.375
2015-07-12,16:12:36.443,40.375
2015-07-12,16:12:37.479,40.375
2015-07-12,16:12:38.600,40.375
2015-07-12,16:12:39.721,40.40625
2015-07-12,16:12:40.794,40.40625
2015-07-12,16:12:41.915,40.40625
2015-07-12,16:12:42.988,40.40625
2015-07-12,16:12:44.109,40.40625
2015-07-12,16:12:45.181,40.375
2015-07-12,16:12:46.302,40.40625
2015-07-12,16:12:47.520,40.375
2015-07-12,16:12:48.496,40.375
2015-07-12,16:12:49.619,40.40625
2015-07-12,16:12:50.691,40.375
2015-07-12,16:12:51.813,40.40625
2015-07-12,16:12:52.915,40.40625
2015-07-12,16:12:54.005,40.40625
2015-07-12,16:12:55.127,40.40625
2015-07-12,16:12:56.199,40.40625
2015-07-12,16:12:57.320,40.40625
2015-07-12,16:12:58.417,40.40625
2015-07-12,16:12:59.514,40.40625
2015-07-12,16:13:00.586,40.40625
2015-07-12,16:13:01.709,40.40625
2015-07-12,16:13:02.831,40.40625
2015-07-12,16:13:03.957,40.4375
2015-07-12,16:13:05.024,40.4375
2015-07-12,16:13:06.095,40.4375
2015-07-12,16:13:07.216,40.40625
2015-07-12,16:13:08.288,40.4375
2015-07-12,16:13:09.410,40.4375
2015-07-12,16:13:10.531,40.4375
2015-07-12,16:13:11.604,40.4375
2015-07-12,16:13:12.725,40.4375
2015-07-12,16:13:13.797,40.4375
2015-07-12,16:13:14.918,40.4375
2015-07-12,16:13:15.994,40.46875
2015-07-12,16:13:17.112,40.46875
2015-07-12,16:13:18.233,40.46875
2015-07-12,16:13:19.306,40.46875
2015-07-12,16:13:20.427,40.46875
2015-07-12,16:13:21.499,40.46875
2015-07-12,16:13:22.518,40.5
2015-07-12,16:13:23.724,40.5
2015-07-12,16:13:24.697,40.5
2015-07-12,16:13:25.819,40.5
2015-07-12,16:13:26.891,40.53125
2015-07-12,16:13:28.012,40.53125
2015-07-12,16:13:29.085,40.53125
2015-07-12,16:13:30.206,40.53125
2015-07-12,16:13:31.359,40.5625
2015-07-12,16:13:32.708,40.5625
2015-07-12,16:13:33.521,40.5625
2015-07-12,16:13:34.594,40.59375
2015-07-12,16:13:35.715,40.59375
2015-07-12,16:13:36.873,40.59375
2015-07-12,16:13:37.908,40.53125
2015-07-12,16:13:39.030,40.53125
2015-07-12,16:13:40.102,40.53125
2015-07-12,16:13:41.223,40.53125
2015-07-12,16:13:42.378,40.5
2015-07-12,16:13:43.417,40.5625
2015-07-12,16:13:44.538,40.59375
2015-07-12,16:13:45.611,40.5625
2015-07-12,16:13:46.735,40.59375
2015-07-12,16:13:47.879,40.59375
2015-07-12,16:13:48.926,40.59375
2015-07-12,16:13:50.001,40.59375
2015-07-12,16:13:51.120,40.625
2015-07-12,16:13:52.241,40.53125
2015-07-12,16:13:53.376,40.53125
2015-07-12,16:13:54.435,40.5625
2015-07-12,16:13:55.509,40.59375
2015-07-12,16:13:56.628,40.59375
2015-07-12,16:13:57.704,40.625
2015-07-12,16:13:58.833,40.625
2015-07-12,16:13:59.946,40.625
2015-07-12,16:14:01.018,40.65625
2015-07-12,16:14:02.147,40.625
2015-07-12,16:14:03.212,40.65625
2015-07-12,16:14:04.362,40.65625
2015-07-12,16:14:05.407,40.65625
2015-07-12,16:14:06.527,40.65625
2015-07-12,16:14:07.646,40.65625
2015-07-12,16:14:08.725,40.6875
2015-07-12,16:14:09.885,40.6875
2015-07-12,16:14:10.915,40.6875
2015-07-12,16:14:12.036,40.6875
2015-07-12,16:14:13.109,40.6875
2015-07-12,16:14:14.229,40.6875
2015-07-12,16:14:15.410,40.6875
2015-07-12,16:14:16.423,40.6875
2015-07-12,16:14:17.542,40.71875
2015-07-12,16:14:18.619,40.75
2015-07-12,16:14:19.739,40.75
2015-07-12,16:14:20.869,40.78125
2015-07-12,16:14:21.933,40.78125
2015-07-12,16:14:23.004,40.75
2015-07-12,16:14:24.127,40.75
2015-07-12,16:14:25.244,40.75
2015-07-12,16:14:26.395,40.78125
2015-07-12,16:14:27.438,40.75
2015-07-12,16:14:28.510,40.75
2015-07-12,16:14:29.632,40.78125
2015-07-12,16:14:30.704,40.78125
2015-07-12,16:14:31.826,40.78125
2015-07-12,16:14:32.949,40.78125
2015-07-12,16:14:34.019,40.78125
2015-07-12,16:14:35.140,40.8125
2015-07-12,16:14:36.213,40.8125
2015-07-12,16:14:37.334,40.8125
2015-07-12,16:14:38.406,40.8125
2015-07-12,16:14:39.528,40.8125
2015-07-12,16:14:40.600,40.8125
2015-07-12,16:14:41.722,40.8125
2015-07-12,16:14:42.843,40.84375
2015-07-12,16:14:43.920,40.84375
2015-07-12,16:14:45.036,40.84375
2015-07-12,16:14:46.109,40.84375
2015-07-12,16:14:47.230,40.71875
2015-07-12,16:14:48.303,40.6875
2015-07-12,16:14:49.424,40.78125
2015-07-12,16:14:50.550,40.8125
2015-07-12,16:14:51.618,40.8125
2015-07-12,16:14:52.739,40.84375
2015-07-12,16:14:53.811,40.875
2015-07-12,16:14:54.936,40.875
2015-07-12,16:14:56.005,40.90625
2015-07-12,16:14:57.126,40.90625
2015-07-12,16:14:58.247,40.90625
2015-07-12,16:14:59.320,40.875
2015-07-12,16:15:00.441,40.875
2015-07-12,16:15:01.514,40.875
2015-07-12,16:15:02.635,40.875
2015-07-12,16:15:03.707,40.875
2015-07-12,16:15:04.829,40.875
2015-07-12,16:15:05.952,40.875
2015-07-12,16:15:07.022,40.875
2015-07-12,16:15:08.143,40.90625
2015-07-12,16:15:09.224,40.90625
2015-07-12,16:15:10.337,40.9375
2015-07-12,16:15:11.430,40.9375
2015-07-12,16:15:12.531,40.9375
2015-07-12,16:15:13.652,40.9375
2015-07-12,16:15:14.725,40.96875
2015-07-12,16:15:15.846,40.96875
2015-07-12,16:15:16.954,40.96875
2015-07-12,16:15:18.040,40.9375
2015-07-12,16:15:19.161,40.875
2015-07-12,16:15:20.234,40.84375
2015-07-12,16:15:21.355,40.875
2015-07-12,16:15:22.448,40.9375
2015-07-12,16:15:23.548,40.96875
2015-07-12,16:15:24.621,40.96875
2015-07-12,16:15:25.742,41.0
2015-07-12,16:15:26.863,41.03125
2015-07-12,16:15:27.962,41.03125
2015-07-12,16:15:29.057,41.03125
2015-07-12,16:15:30.130,41.03125
2015-07-12,16:15:31.251,41.0625
2015-07-12,16:15:32.324,41.03125
2015-07-12,16:15:33.463,41.0
2015-07-12,16:15:34.566,41.0625
2015-07-12,16:15:35.638,41.0625
2015-07-12,16:15:36.759,41.0625
2015-07-12,16:15:37.840,41.0625
2015-07-12,16:15:38.986,41.0625
2015-07-12,16:15:40.037,41.0625
2015-07-12,16:15:41.147,40.90625
2015-07-12,16:15:42.268,40.84375
2015-07-12,16:15:43.341,40.84375
2015-07-12,16:15:44.467,40.875
2015-07-12,16:15:45.546,40.78125
2015-07-12,16:15:46.656,40.90625
2015-07-12,16:15:47.777,40.96875
2015-07-12,16:15:48.849,41.0
2015-07-12,16:15:50.002,40.96875
2015-07-12,16:15:51.046,40.96875
2015-07-12,16:15:52.164,40.9375
2015-07-12,16:15:53.239,40.9375
2015-07-12,16:15:54.358,40.78125
